"title","start_time","end_time","description","exercise_title","superset_id","exercise_notes","set_index","set_type","weight_kg","reps","distance_km","duration_seconds","rpe"
"escape the BACKrooms","8 Apr 2026, 16:50","8 Apr 2026, 17:43","melhorando cada vez mais nos pull ups to feliz","Pull Up",,"",0,"normal",,7,,,
"escape the BACKrooms","8 Apr 2026, 16:50","8 Apr 2026, 17:43","melhorando cada vez mais nos pull ups to feliz","Pull Up",,"",1,"normal",,5,,,
"escape the BACKrooms","8 Apr 2026, 16:50","8 Apr 2026, 17:43","melhorando cada vez mais nos pull ups to feliz","Pull Up",,"",2,"normal",,3,,,
"escape the BACKrooms","8 Apr 2026, 16:50","8 Apr 2026, 17:43","melhorando cada vez mais nos pull ups to feliz","Pull Up",,"",3,"normal",,5,,,
"escape the BACKrooms","8 Apr 2026, 16:50","8 Apr 2026, 17:43","melhorando cada vez mais nos pull ups to feliz","Straight Arm Lat Pulldown (Cable)",,"senti o ombro direito // simplesmente uma bosta",0,"normal",45,8,,,
"escape the BACKrooms","8 Apr 2026, 16:50","8 Apr 2026, 17:43","melhorando cada vez mais nos pull ups to feliz","Straight Arm Lat Pulldown (Cable)",,"senti o ombro direito // simplesmente uma bosta",1,"normal",35,12,,,
"escape the BACKrooms","8 Apr 2026, 16:50","8 Apr 2026, 17:43","melhorando cada vez mais nos pull ups to feliz","Single Arm Lat Pulldown",,"voltei pra esse, mil vezes melhor",0,"normal",35,12,,,
"escape the BACKrooms","8 Apr 2026, 16:50","8 Apr 2026, 17:43","melhorando cada vez mais nos pull ups to feliz","Single Arm Lat Pulldown",,"voltei pra esse, mil vezes melhor",1,"normal",35,12,,,
"escape the BACKrooms","8 Apr 2026, 16:50","8 Apr 2026, 17:43","melhorando cada vez mais nos pull ups to feliz","Single Arm Lat Pulldown",,"voltei pra esse, mil vezes melhor",2,"normal",35,12,,,
"escape the BACKrooms","8 Apr 2026, 16:50","8 Apr 2026, 17:43","melhorando cada vez mais nos pull ups to feliz","Single Arm Lat Pulldown",,"voltei pra esse, mil vezes melhor",3,"normal",35,12,,,
"escape the BACKrooms","8 Apr 2026, 16:50","8 Apr 2026, 17:43","melhorando cada vez mais nos pull ups to feliz","Rear Delt Reverse Fly (Machine)",,"boa carga",0,"normal",35,12,,,
"escape the BACKrooms","8 Apr 2026, 16:50","8 Apr 2026, 17:43","melhorando cada vez mais nos pull ups to feliz","Rear Delt Reverse Fly (Machine)",,"boa carga",1,"normal",35,12,,,
"escape the BACKrooms","8 Apr 2026, 16:50","8 Apr 2026, 17:43","melhorando cada vez mais nos pull ups to feliz","Rear Delt Reverse Fly (Machine)",,"boa carga",2,"normal",35,10,,,
"escape the BACKrooms","8 Apr 2026, 16:50","8 Apr 2026, 17:43","melhorando cada vez mais nos pull ups to feliz","Bicep Curl (Dumbbell)",,"da pra aumentar dnv…….",0,"warmup",10,15,,,
"escape the BACKrooms","8 Apr 2026, 16:50","8 Apr 2026, 17:43","melhorando cada vez mais nos pull ups to feliz","Bicep Curl (Dumbbell)",,"da pra aumentar dnv…….",1,"normal",20,12,,,
"escape the BACKrooms","8 Apr 2026, 16:50","8 Apr 2026, 17:43","melhorando cada vez mais nos pull ups to feliz","Bicep Curl (Dumbbell)",,"da pra aumentar dnv…….",2,"normal",20,15,,,
"escape the BACKrooms","8 Apr 2026, 16:50","8 Apr 2026, 17:43","melhorando cada vez mais nos pull ups to feliz","Bicep Curl (Dumbbell)",,"da pra aumentar dnv…….",3,"normal",20,12,,,
"escape the BACKrooms","8 Apr 2026, 16:50","8 Apr 2026, 17:43","melhorando cada vez mais nos pull ups to feliz","Bicep Curl (Cable)",,"",0,"normal",30,12,,,
"escape the BACKrooms","8 Apr 2026, 16:50","8 Apr 2026, 17:43","melhorando cada vez mais nos pull ups to feliz","Bicep Curl (Cable)",,"",1,"normal",30,12,,,
"peito pascoal","6 Apr 2026, 17:18","6 Apr 2026, 18:03","","Bench Press (Barbell)",,"80kg subiu TEGAAAAAA",0,"warmup",20,30,,,
"peito pascoal","6 Apr 2026, 17:18","6 Apr 2026, 18:03","","Bench Press (Barbell)",,"80kg subiu TEGAAAAAA",1,"normal",60,3,,,
"peito pascoal","6 Apr 2026, 17:18","6 Apr 2026, 18:03","","Bench Press (Barbell)",,"80kg subiu TEGAAAAAA",2,"normal",70,1,,,
"peito pascoal","6 Apr 2026, 17:18","6 Apr 2026, 18:03","","Bench Press (Barbell)",,"80kg subiu TEGAAAAAA",3,"normal",80,1,,,
"peito pascoal","6 Apr 2026, 17:18","6 Apr 2026, 18:03","","Bench Press (Barbell)",,"80kg subiu TEGAAAAAA",4,"normal",60,10,,,
"peito pascoal","6 Apr 2026, 17:18","6 Apr 2026, 18:03","","Bench Press (Barbell)",,"80kg subiu TEGAAAAAA",5,"normal",60,10,,,
"peito pascoal","6 Apr 2026, 17:18","6 Apr 2026, 18:03","","Chest Fly (Machine)",,"ta no 6",0,"normal",55,10,,,
"peito pascoal","6 Apr 2026, 17:18","6 Apr 2026, 18:03","","Chest Fly (Machine)",,"ta no 6",1,"normal",55,10,,,
"peito pascoal","6 Apr 2026, 17:18","6 Apr 2026, 18:03","","Chest Fly (Machine)",,"ta no 6",2,"normal",55,9,,,
"peito pascoal","6 Apr 2026, 17:18","6 Apr 2026, 18:03","","Single Arm Lateral Raise (Cable)",,"",0,"normal",12,10,,,
"peito pascoal","6 Apr 2026, 17:18","6 Apr 2026, 18:03","","Single Arm Lateral Raise (Cable)",,"",1,"normal",12,10,,,
"peito pascoal","6 Apr 2026, 17:18","6 Apr 2026, 18:03","","Single Arm Lateral Raise (Cable)",,"",2,"normal",12,10,,,
"peito pascoal","6 Apr 2026, 17:18","6 Apr 2026, 18:03","","Single Arm Lateral Raise (Cable)",,"",3,"normal",12,10,,,
"peito pascoal","6 Apr 2026, 17:18","6 Apr 2026, 18:03","","Single Arm Lateral Raise (Cable)",,"",4,"normal",10,9,,,
"peito pascoal","6 Apr 2026, 17:18","6 Apr 2026, 18:03","","Single Arm Lateral Raise (Cable)",,"",5,"normal",10,9,,,
"peito pascoal","6 Apr 2026, 17:18","6 Apr 2026, 18:03","","Triceps Pushdown",,"",0,"normal",40,12,,,
"peito pascoal","6 Apr 2026, 17:18","6 Apr 2026, 18:03","","Triceps Pushdown",,"",1,"normal",40,12,,,
"peito pascoal","6 Apr 2026, 17:18","6 Apr 2026, 18:03","","Triceps Pushdown",,"",2,"normal",40,12,,,
"peito pascoal","6 Apr 2026, 17:18","6 Apr 2026, 18:03","","Triceps Pushdown",,"",3,"normal",35,10,,,
"mudu leg","3 Apr 2026, 16:41","3 Apr 2026, 17:39","","Leg Press Horizontal (Machine)",,"",0,"warmup",25,15,,,
"mudu leg","3 Apr 2026, 16:41","3 Apr 2026, 17:39","","Leg Press Horizontal (Machine)",,"",1,"normal",35,12,,,
"mudu leg","3 Apr 2026, 16:41","3 Apr 2026, 17:39","","Leg Press Horizontal (Machine)",,"",2,"normal",45,12,,,
"mudu leg","3 Apr 2026, 16:41","3 Apr 2026, 17:39","","Squat (Smith Machine)",,"",0,"normal",60,8,,,
"mudu leg","3 Apr 2026, 16:41","3 Apr 2026, 17:39","","Squat (Smith Machine)",,"",1,"normal",60,8,,,
"mudu leg","3 Apr 2026, 16:41","3 Apr 2026, 17:39","","Squat (Smith Machine)",,"",2,"normal",50,6,,,
"mudu leg","3 Apr 2026, 16:41","3 Apr 2026, 17:39","","Leg Extension (Machine)",,"",0,"normal",60,12,,,
"mudu leg","3 Apr 2026, 16:41","3 Apr 2026, 17:39","","Leg Extension (Machine)",,"",1,"normal",60,12,,,
"mudu leg","3 Apr 2026, 16:41","3 Apr 2026, 17:39","","Leg Extension (Machine)",,"",2,"normal",60,12,,,
"mudu leg","3 Apr 2026, 16:41","3 Apr 2026, 17:39","","Seated Leg Curl (Machine)",,"acho q da pra aumentar na prox",0,"normal",65,15,,,
"mudu leg","3 Apr 2026, 16:41","3 Apr 2026, 17:39","","Seated Leg Curl (Machine)",,"acho q da pra aumentar na prox",1,"normal",70,12,,,
"mudu leg","3 Apr 2026, 16:41","3 Apr 2026, 17:39","","Seated Leg Curl (Machine)",,"acho q da pra aumentar na prox",2,"normal",70,12,,,
"BACK to the future","1 Apr 2026, 16:49","1 Apr 2026, 17:43","morri pprt","Pull Up",,"closed grip\n\nue agr ta contando o pull up como volume antes nao tava",0,"normal",,6,,,
"BACK to the future","1 Apr 2026, 16:49","1 Apr 2026, 17:43","morri pprt","Pull Up",,"closed grip\n\nue agr ta contando o pull up como volume antes nao tava",1,"normal",,5,,,
"BACK to the future","1 Apr 2026, 16:49","1 Apr 2026, 17:43","morri pprt","Pull Up",,"closed grip\n\nue agr ta contando o pull up como volume antes nao tava",2,"normal",,5,,,
"BACK to the future","1 Apr 2026, 16:49","1 Apr 2026, 17:43","morri pprt","Single Arm Lat Pulldown",,"tirei os 5 pq nao comecei com ele mas dava pra fzr com 40 se for o primeiro",0,"normal",35,12,,,
"BACK to the future","1 Apr 2026, 16:49","1 Apr 2026, 17:43","morri pprt","Single Arm Lat Pulldown",,"tirei os 5 pq nao comecei com ele mas dava pra fzr com 40 se for o primeiro",1,"normal",35,12,,,
"BACK to the future","1 Apr 2026, 16:49","1 Apr 2026, 17:43","morri pprt","Single Arm Lat Pulldown",,"tirei os 5 pq nao comecei com ele mas dava pra fzr com 40 se for o primeiro",2,"normal",35,12,,,
"BACK to the future","1 Apr 2026, 16:49","1 Apr 2026, 17:43","morri pprt","Single Arm Lat Pulldown",,"tirei os 5 pq nao comecei com ele mas dava pra fzr com 40 se for o primeiro",3,"normal",35,12,,,
"BACK to the future","1 Apr 2026, 16:49","1 Apr 2026, 17:43","morri pprt","Single Arm Lat Pulldown",,"tirei os 5 pq nao comecei com ele mas dava pra fzr com 40 se for o primeiro",4,"normal",35,12,,,
"BACK to the future","1 Apr 2026, 16:49","1 Apr 2026, 17:43","morri pprt","Single Arm Lat Pulldown",,"tirei os 5 pq nao comecei com ele mas dava pra fzr com 40 se for o primeiro",5,"normal",35,12,,,
"BACK to the future","1 Apr 2026, 16:49","1 Apr 2026, 17:43","morri pprt","Seated Cable Row - Bar Wide Grip",,"morri",0,"normal",35,12,,,
"BACK to the future","1 Apr 2026, 16:49","1 Apr 2026, 17:43","morri pprt","Seated Cable Row - Bar Wide Grip",,"morri",1,"normal",35,10,,,
"BACK to the future","1 Apr 2026, 16:49","1 Apr 2026, 17:43","morri pprt","Bicep Curl (Dumbbell)",,"",0,"normal",18,12,,,
"BACK to the future","1 Apr 2026, 16:49","1 Apr 2026, 17:43","morri pprt","Bicep Curl (Dumbbell)",,"",1,"normal",18,12,,,
"BACK to the future","1 Apr 2026, 16:49","1 Apr 2026, 17:43","morri pprt","Bicep Curl (Dumbbell)",,"",2,"normal",20,12,,,
"BACK to the future","1 Apr 2026, 16:49","1 Apr 2026, 17:43","morri pprt","Bicep Curl (Dumbbell)",,"",3,"normal",20,12,,,
"BACK to the future","1 Apr 2026, 16:49","1 Apr 2026, 17:43","morri pprt","Back Extension (Weighted Hyperextension)",,"",0,"normal",,12,,,
"push sem piedade","23 Mar 2026, 17:29","23 Mar 2026, 18:15","me sentindo gostoso","Incline Bench Press (Dumbbell)",,"continuo sentindo o cotovelo no ultimo set :/",0,"warmup",24,15,,,
"push sem piedade","23 Mar 2026, 17:29","23 Mar 2026, 18:15","me sentindo gostoso","Incline Bench Press (Dumbbell)",,"continuo sentindo o cotovelo no ultimo set :/",1,"normal",32,12,,,
"push sem piedade","23 Mar 2026, 17:29","23 Mar 2026, 18:15","me sentindo gostoso","Incline Bench Press (Dumbbell)",,"continuo sentindo o cotovelo no ultimo set :/",2,"normal",32,12,,,
"push sem piedade","23 Mar 2026, 17:29","23 Mar 2026, 18:15","me sentindo gostoso","Incline Bench Press (Dumbbell)",,"continuo sentindo o cotovelo no ultimo set :/",3,"normal",32,9,,,
"push sem piedade","23 Mar 2026, 17:29","23 Mar 2026, 18:15","me sentindo gostoso","Lateral Raise (Dumbbell)",,"",0,"normal",16,12,,,
"push sem piedade","23 Mar 2026, 17:29","23 Mar 2026, 18:15","me sentindo gostoso","Lateral Raise (Dumbbell)",,"",1,"normal",16,12,,,
"push sem piedade","23 Mar 2026, 17:29","23 Mar 2026, 18:15","me sentindo gostoso","Lateral Raise (Dumbbell)",,"",2,"normal",16,12,,,
"push sem piedade","23 Mar 2026, 17:29","23 Mar 2026, 18:15","me sentindo gostoso","Chest Fly (Machine)",,"40kgs x 12 nas passadas (fui burrao e coloquei a maquina errada 🤦🏻‍♂️)",0,"normal",52.5,12,,,
"push sem piedade","23 Mar 2026, 17:29","23 Mar 2026, 18:15","me sentindo gostoso","Chest Fly (Machine)",,"40kgs x 12 nas passadas (fui burrao e coloquei a maquina errada 🤦🏻‍♂️)",1,"normal",52.5,12,,,
"push sem piedade","23 Mar 2026, 17:29","23 Mar 2026, 18:15","me sentindo gostoso","Chest Fly (Machine)",,"40kgs x 12 nas passadas (fui burrao e coloquei a maquina errada 🤦🏻‍♂️)",2,"normal",52.5,10,,,
"push sem piedade","23 Mar 2026, 17:29","23 Mar 2026, 18:15","me sentindo gostoso","Rear Delt Reverse Fly (Machine)",,"dava pra ir mais hein",0,"normal",20,15,,,
"push sem piedade","23 Mar 2026, 17:29","23 Mar 2026, 18:15","me sentindo gostoso","Rear Delt Reverse Fly (Machine)",,"dava pra ir mais hein",1,"normal",20,15,,,
"push sem piedade","23 Mar 2026, 17:29","23 Mar 2026, 18:15","me sentindo gostoso","Rear Delt Reverse Fly (Machine)",,"dava pra ir mais hein",2,"normal",25,12,,,
"push sem piedade","23 Mar 2026, 17:29","23 Mar 2026, 18:15","me sentindo gostoso","Triceps Pushdown",,"",0,"normal",35,15,,,
"push sem piedade","23 Mar 2026, 17:29","23 Mar 2026, 18:15","me sentindo gostoso","Triceps Pushdown",,"",1,"normal",45,8,,,
"push sem piedade","23 Mar 2026, 17:29","23 Mar 2026, 18:15","me sentindo gostoso","Triceps Pushdown",,"",2,"normal",45,8,,,
"lore is BACK (DAY)","19 Mar 2026, 20:34","19 Mar 2026, 21:29","esqueci da foto la ent faltou murilo","Single Arm Lat Pulldown",,"primeira vez fazendo\naprovadissimo ✅",0,"warmup",15,15,,,
"lore is BACK (DAY)","19 Mar 2026, 20:34","19 Mar 2026, 21:29","esqueci da foto la ent faltou murilo","Single Arm Lat Pulldown",,"primeira vez fazendo\naprovadissimo ✅",1,"warmup",15,15,,,
"lore is BACK (DAY)","19 Mar 2026, 20:34","19 Mar 2026, 21:29","esqueci da foto la ent faltou murilo","Single Arm Lat Pulldown",,"primeira vez fazendo\naprovadissimo ✅",2,"normal",35,12,,,
"lore is BACK (DAY)","19 Mar 2026, 20:34","19 Mar 2026, 21:29","esqueci da foto la ent faltou murilo","Single Arm Lat Pulldown",,"primeira vez fazendo\naprovadissimo ✅",3,"normal",35,12,,,
"lore is BACK (DAY)","19 Mar 2026, 20:34","19 Mar 2026, 21:29","esqueci da foto la ent faltou murilo","Single Arm Lat Pulldown",,"primeira vez fazendo\naprovadissimo ✅",4,"normal",40,12,,,
"lore is BACK (DAY)","19 Mar 2026, 20:34","19 Mar 2026, 21:29","esqueci da foto la ent faltou murilo","Single Arm Lat Pulldown",,"primeira vez fazendo\naprovadissimo ✅",5,"normal",40,12,,,
"lore is BACK (DAY)","19 Mar 2026, 20:34","19 Mar 2026, 21:29","esqueci da foto la ent faltou murilo","Single Arm Lat Pulldown",,"primeira vez fazendo\naprovadissimo ✅",6,"normal",40,12,,,
"lore is BACK (DAY)","19 Mar 2026, 20:34","19 Mar 2026, 21:29","esqueci da foto la ent faltou murilo","Single Arm Lat Pulldown",,"primeira vez fazendo\naprovadissimo ✅",7,"normal",40,12,,,
"lore is BACK (DAY)","19 Mar 2026, 20:34","19 Mar 2026, 21:29","esqueci da foto la ent faltou murilo","Pull Up",,"achei q iam mais kkkkk\nclosed grip",0,"normal",,4,,,
"lore is BACK (DAY)","19 Mar 2026, 20:34","19 Mar 2026, 21:29","esqueci da foto la ent faltou murilo","Pull Up",,"achei q iam mais kkkkk\nclosed grip",1,"normal",,3,,,
"lore is BACK (DAY)","19 Mar 2026, 20:34","19 Mar 2026, 21:29","esqueci da foto la ent faltou murilo","Bicep Curl (Dumbbell)",,"fiz sentado no banco",0,"normal",16,12,,,
"lore is BACK (DAY)","19 Mar 2026, 20:34","19 Mar 2026, 21:29","esqueci da foto la ent faltou murilo","Bicep Curl (Dumbbell)",,"fiz sentado no banco",1,"normal",18,10,,,
"lore is BACK (DAY)","19 Mar 2026, 20:34","19 Mar 2026, 21:29","esqueci da foto la ent faltou murilo","Bicep Curl (Dumbbell)",,"fiz sentado no banco",2,"normal",18,10,,,
"lore is BACK (DAY)","19 Mar 2026, 20:34","19 Mar 2026, 21:29","esqueci da foto la ent faltou murilo","Seated Cable Row - Bar Wide Grip",,"usando a segunda maior barra daquela barra boa",0,"normal",35,12,,,
"lore is BACK (DAY)","19 Mar 2026, 20:34","19 Mar 2026, 21:29","esqueci da foto la ent faltou murilo","Seated Cable Row - Bar Wide Grip",,"usando a segunda maior barra daquela barra boa",1,"normal",35,12,,,
"lore is BACK (DAY)","19 Mar 2026, 20:34","19 Mar 2026, 21:29","esqueci da foto la ent faltou murilo","Seated Cable Row - Bar Wide Grip",,"usando a segunda maior barra daquela barra boa",2,"normal",35,12,,,
"lore is BACK (DAY)","19 Mar 2026, 20:34","19 Mar 2026, 21:29","esqueci da foto la ent faltou murilo","Bicep Curl (Dumbbell)",,"agr fiz em pe e alternaco",0,"normal",16,12,,,
"lore is BACK (DAY)","19 Mar 2026, 20:34","19 Mar 2026, 21:29","esqueci da foto la ent faltou murilo","Bicep Curl (Dumbbell)",,"agr fiz em pe e alternaco",1,"normal",16,12,,,
"lore is BACK (DAY)","19 Mar 2026, 20:34","19 Mar 2026, 21:29","esqueci da foto la ent faltou murilo","Bicep Curl (Dumbbell)",,"agr fiz em pe e alternaco",2,"normal",16,12,,,
"lore is BACK (DAY)","19 Mar 2026, 20:34","19 Mar 2026, 21:29","esqueci da foto la ent faltou murilo","Back Extension (Weighted Hyperextension)",,"",0,"normal",5,12,,,
"lore is BACK (DAY)","19 Mar 2026, 20:34","19 Mar 2026, 21:29","esqueci da foto la ent faltou murilo","Back Extension (Weighted Hyperextension)",,"",1,"normal",5,12,,,
"lore is BACK (DAY)","19 Mar 2026, 20:34","19 Mar 2026, 21:29","esqueci da foto la ent faltou murilo","Back Extension (Weighted Hyperextension)",,"",2,"normal",5,12,,,
"push triceps destruction","17 Mar 2026, 20:36","17 Mar 2026, 21:36","","Cable Fly Crossovers",,"dei uma roubada no ultimo mas eh isso kkkk",0,"warmup",30,15,,,
"push triceps destruction","17 Mar 2026, 20:36","17 Mar 2026, 21:36","","Cable Fly Crossovers",,"dei uma roubada no ultimo mas eh isso kkkk",1,"normal",40,12,,,
"push triceps destruction","17 Mar 2026, 20:36","17 Mar 2026, 21:36","","Cable Fly Crossovers",,"dei uma roubada no ultimo mas eh isso kkkk",2,"normal",40,12,,,
"push triceps destruction","17 Mar 2026, 20:36","17 Mar 2026, 21:36","","Cable Fly Crossovers",,"dei uma roubada no ultimo mas eh isso kkkk",3,"normal",40,12,,,
"push triceps destruction","17 Mar 2026, 20:36","17 Mar 2026, 21:36","","Incline Bench Press (Smith Machine)",,"",0,"normal",40,10,,,
"push triceps destruction","17 Mar 2026, 20:36","17 Mar 2026, 21:36","","Incline Bench Press (Smith Machine)",,"",1,"normal",44,5,,,
"push triceps destruction","17 Mar 2026, 20:36","17 Mar 2026, 21:36","","Incline Bench Press (Smith Machine)",,"",2,"normal",40,3,,,
"push triceps destruction","17 Mar 2026, 20:36","17 Mar 2026, 21:36","","Incline Bench Press (Smith Machine)",,"",3,"normal",40,10,,,
"push triceps destruction","17 Mar 2026, 20:36","17 Mar 2026, 21:36","","Single Arm Lateral Raise (Cable)",,"",0,"normal",12,10,,,
"push triceps destruction","17 Mar 2026, 20:36","17 Mar 2026, 21:36","","Single Arm Lateral Raise (Cable)",,"",1,"normal",12,10,,,
"push triceps destruction","17 Mar 2026, 20:36","17 Mar 2026, 21:36","","Single Arm Lateral Raise (Cable)",,"",2,"normal",12,10,,,
"push triceps destruction","17 Mar 2026, 20:36","17 Mar 2026, 21:36","","Single Arm Lateral Raise (Cable)",,"",3,"normal",12,10,,,
"push triceps destruction","17 Mar 2026, 20:36","17 Mar 2026, 21:36","","Single Arm Lateral Raise (Cable)",,"",4,"normal",10,10,,,
"push triceps destruction","17 Mar 2026, 20:36","17 Mar 2026, 21:36","","Single Arm Lateral Raise (Cable)",,"",5,"normal",10,10,,,
"push triceps destruction","17 Mar 2026, 20:36","17 Mar 2026, 21:36","","Triceps Pushdown",,"",0,"normal",35,15,,,
"push triceps destruction","17 Mar 2026, 20:36","17 Mar 2026, 21:36","","Triceps Pushdown",,"",1,"normal",45,10,,,
"push triceps destruction","17 Mar 2026, 20:36","17 Mar 2026, 21:36","","Triceps Pushdown",,"",2,"normal",45,8,,,
"push triceps destruction","17 Mar 2026, 20:36","17 Mar 2026, 21:36","","Single Arm Triceps Pushdown (Cable)",,"",0,"normal",10,10,,,
"push triceps destruction","17 Mar 2026, 20:36","17 Mar 2026, 21:36","","Single Arm Triceps Pushdown (Cable)",,"",1,"normal",10,10,,,
"push triceps destruction","17 Mar 2026, 20:36","17 Mar 2026, 21:36","","Single Arm Triceps Pushdown (Cable)",,"",2,"normal",12,10,,,
"push triceps destruction","17 Mar 2026, 20:36","17 Mar 2026, 21:36","","Single Arm Triceps Pushdown (Cable)",,"",3,"normal",12,10,,,
"push triceps destruction","17 Mar 2026, 20:36","17 Mar 2026, 21:36","","Single Arm Triceps Pushdown (Cable)",,"",4,"dropset",15,5,,,
"push triceps destruction","17 Mar 2026, 20:36","17 Mar 2026, 21:36","","Single Arm Triceps Pushdown (Cable)",,"",5,"dropset",15,5,,,
"push triceps destruction","17 Mar 2026, 20:36","17 Mar 2026, 21:36","","Single Arm Triceps Pushdown (Cable)",,"",6,"dropset",12,3,,,
"push triceps destruction","17 Mar 2026, 20:36","17 Mar 2026, 21:36","","Single Arm Triceps Pushdown (Cable)",,"",7,"dropset",12,3,,,
"push triceps destruction","17 Mar 2026, 20:36","17 Mar 2026, 21:36","","Single Arm Triceps Pushdown (Cable)",,"",8,"dropset",7,4,,,
"push triceps destruction","17 Mar 2026, 20:36","17 Mar 2026, 21:36","","Single Arm Triceps Pushdown (Cable)",,"",9,"dropset",7,4,,,
"pull sinistro","14 Mar 2026, 18:15","14 Mar 2026, 19:13","murilao dormir // gym day num ?/? without lore lore lore","Single Arm Lat Pulldown",,"primeira vez fazendo\naprovadissimo ✅",0,"warmup",15,15,,,
"pull sinistro","14 Mar 2026, 18:15","14 Mar 2026, 19:13","murilao dormir // gym day num ?/? without lore lore lore","Single Arm Lat Pulldown",,"primeira vez fazendo\naprovadissimo ✅",1,"warmup",15,15,,,
"pull sinistro","14 Mar 2026, 18:15","14 Mar 2026, 19:13","murilao dormir // gym day num ?/? without lore lore lore","Single Arm Lat Pulldown",,"primeira vez fazendo\naprovadissimo ✅",2,"normal",35,12,,,
"pull sinistro","14 Mar 2026, 18:15","14 Mar 2026, 19:13","murilao dormir // gym day num ?/? without lore lore lore","Single Arm Lat Pulldown",,"primeira vez fazendo\naprovadissimo ✅",3,"normal",35,12,,,
"pull sinistro","14 Mar 2026, 18:15","14 Mar 2026, 19:13","murilao dormir // gym day num ?/? without lore lore lore","Single Arm Lat Pulldown",,"primeira vez fazendo\naprovadissimo ✅",4,"normal",35,12,,,
"pull sinistro","14 Mar 2026, 18:15","14 Mar 2026, 19:13","murilao dormir // gym day num ?/? without lore lore lore","Single Arm Lat Pulldown",,"primeira vez fazendo\naprovadissimo ✅",5,"normal",35,12,,,
"pull sinistro","14 Mar 2026, 18:15","14 Mar 2026, 19:13","murilao dormir // gym day num ?/? without lore lore lore","Single Arm Lat Pulldown",,"primeira vez fazendo\naprovadissimo ✅",6,"normal",35,12,,,
"pull sinistro","14 Mar 2026, 18:15","14 Mar 2026, 19:13","murilao dormir // gym day num ?/? without lore lore lore","Single Arm Lat Pulldown",,"primeira vez fazendo\naprovadissimo ✅",7,"normal",35,12,,,
"pull sinistro","14 Mar 2026, 18:15","14 Mar 2026, 19:13","murilao dormir // gym day num ?/? without lore lore lore","Pull Up",,"achei q iam mais kkkkk\nclosed grip",0,"normal",,3,,,
"pull sinistro","14 Mar 2026, 18:15","14 Mar 2026, 19:13","murilao dormir // gym day num ?/? without lore lore lore","Pull Up",,"achei q iam mais kkkkk\nclosed grip",1,"normal",,4,,,
"pull sinistro","14 Mar 2026, 18:15","14 Mar 2026, 19:13","murilao dormir // gym day num ?/? without lore lore lore","Pull Up",,"achei q iam mais kkkkk\nclosed grip",2,"normal",,3,,,
"pull sinistro","14 Mar 2026, 18:15","14 Mar 2026, 19:13","murilao dormir // gym day num ?/? without lore lore lore","Pull Up",,"achei q iam mais kkkkk\nclosed grip",3,"normal",,3,,,
"pull sinistro","14 Mar 2026, 18:15","14 Mar 2026, 19:13","murilao dormir // gym day num ?/? without lore lore lore","Seated Cable Row - Bar Wide Grip",,"usando a segunda maior barra daquela barra boa",0,"normal",17.5,15,,,
"pull sinistro","14 Mar 2026, 18:15","14 Mar 2026, 19:13","murilao dormir // gym day num ?/? without lore lore lore","Seated Cable Row - Bar Wide Grip",,"usando a segunda maior barra daquela barra boa",1,"normal",27.5,12,,,
"pull sinistro","14 Mar 2026, 18:15","14 Mar 2026, 19:13","murilao dormir // gym day num ?/? without lore lore lore","Seated Cable Row - Bar Wide Grip",,"usando a segunda maior barra daquela barra boa",2,"normal",37.5,12,,,
"pull sinistro","14 Mar 2026, 18:15","14 Mar 2026, 19:13","murilao dormir // gym day num ?/? without lore lore lore","Bicep Curl (Dumbbell)",,"",0,"normal",16,12,,,
"pull sinistro","14 Mar 2026, 18:15","14 Mar 2026, 19:13","murilao dormir // gym day num ?/? without lore lore lore","Bicep Curl (Dumbbell)",,"",1,"normal",18,12,,,
"pull sinistro","14 Mar 2026, 18:15","14 Mar 2026, 19:13","murilao dormir // gym day num ?/? without lore lore lore","Bicep Curl (Dumbbell)",,"",2,"normal",18,12,,,
"pull sinistro","14 Mar 2026, 18:15","14 Mar 2026, 19:13","murilao dormir // gym day num ?/? without lore lore lore","Bicep Curl (Dumbbell)",,"",3,"normal",18,12,,,
"pull sinistro","14 Mar 2026, 18:15","14 Mar 2026, 19:13","murilao dormir // gym day num ?/? without lore lore lore","Bicep Curl (Cable)",,"",0,"normal",30,12,,,
"pull sinistro","14 Mar 2026, 18:15","14 Mar 2026, 19:13","murilao dormir // gym day num ?/? without lore lore lore","Bicep Curl (Cable)",,"",1,"normal",30,12,,,
"pull sinistro","14 Mar 2026, 18:15","14 Mar 2026, 19:13","murilao dormir // gym day num ?/? without lore lore lore","Bicep Curl (Cable)",,"",2,"normal",30,12,,,
"pull sinistro","14 Mar 2026, 18:15","14 Mar 2026, 19:13","murilao dormir // gym day num ?/? without lore lore lore","Back Extension (Weighted Hyperextension)",,"",0,"normal",5,12,,,
"pull sinistro","14 Mar 2026, 18:15","14 Mar 2026, 19:13","murilao dormir // gym day num ?/? without lore lore lore","Back Extension (Weighted Hyperextension)",,"",1,"normal",5,12,,,
"pull sinistro","14 Mar 2026, 18:15","14 Mar 2026, 19:13","murilao dormir // gym day num ?/? without lore lore lore","Back Extension (Weighted Hyperextension)",,"",2,"normal",5,12,,,
"pernocas com o murilocas","11 Mar 2026, 16:51","11 Mar 2026, 17:36","","Leg Extension (Machine)",,"PRRRRR",0,"warmup",30,15,,,
"pernocas com o murilocas","11 Mar 2026, 16:51","11 Mar 2026, 17:36","","Leg Extension (Machine)",,"PRRRRR",1,"normal",60,12,,,
"pernocas com o murilocas","11 Mar 2026, 16:51","11 Mar 2026, 17:36","","Leg Extension (Machine)",,"PRRRRR",2,"normal",80,12,,,
"pernocas com o murilocas","11 Mar 2026, 16:51","11 Mar 2026, 17:36","","Leg Extension (Machine)",,"PRRRRR",3,"normal",80,12,,,
"pernocas com o murilocas","11 Mar 2026, 16:51","11 Mar 2026, 17:36","","Seated Leg Curl (Machine)",,"",0,"warmup",50,15,,,
"pernocas com o murilocas","11 Mar 2026, 16:51","11 Mar 2026, 17:36","","Seated Leg Curl (Machine)",,"",1,"normal",70,12,,,
"pernocas com o murilocas","11 Mar 2026, 16:51","11 Mar 2026, 17:36","","Seated Leg Curl (Machine)",,"",2,"normal",70,12,,,
"pernocas com o murilocas","11 Mar 2026, 16:51","11 Mar 2026, 17:36","","Hip Adduction (Machine)",,"",0,"normal",20,12,,,
"pernocas com o murilocas","11 Mar 2026, 16:51","11 Mar 2026, 17:36","","Hip Adduction (Machine)",,"",1,"normal",20,12,,,
"pernocas com o murilocas","11 Mar 2026, 16:51","11 Mar 2026, 17:36","","Leg Press Horizontal (Machine)",,"the most humbling machine oat\n\njoelho doendo dos de tentar levantar 80kg kkkk",0,"normal",20,15,,,
"pernocas com o murilocas","11 Mar 2026, 16:51","11 Mar 2026, 17:36","","Leg Press Horizontal (Machine)",,"the most humbling machine oat\n\njoelho doendo dos de tentar levantar 80kg kkkk",1,"normal",30,12,,,
"pernocas com o murilocas","11 Mar 2026, 16:51","11 Mar 2026, 17:36","","Leg Press Horizontal (Machine)",,"the most humbling machine oat\n\njoelho doendo dos de tentar levantar 80kg kkkk",2,"normal",25,12,,,
"Push com Murilao","9 Mar 2026, 16:43","9 Mar 2026, 17:43","tive que dar um cagote mid workout","Cable Fly Crossovers",,"",0,"warmup",20,15,,,
"Push com Murilao","9 Mar 2026, 16:43","9 Mar 2026, 17:43","tive que dar um cagote mid workout","Cable Fly Crossovers",,"",1,"normal",40,12,,,
"Push com Murilao","9 Mar 2026, 16:43","9 Mar 2026, 17:43","tive que dar um cagote mid workout","Cable Fly Crossovers",,"",2,"normal",40,12,,,
"Push com Murilao","9 Mar 2026, 16:43","9 Mar 2026, 17:43","tive que dar um cagote mid workout","Incline Bench Press (Dumbbell)",,"senti o cotovelo no ultimo set :/",0,"normal",28,12,,,
"Push com Murilao","9 Mar 2026, 16:43","9 Mar 2026, 17:43","tive que dar um cagote mid workout","Incline Bench Press (Dumbbell)",,"senti o cotovelo no ultimo set :/",1,"normal",28,12,,,
"Push com Murilao","9 Mar 2026, 16:43","9 Mar 2026, 17:43","tive que dar um cagote mid workout","Incline Bench Press (Dumbbell)",,"senti o cotovelo no ultimo set :/",2,"normal",28,5,,,
"Push com Murilao","9 Mar 2026, 16:43","9 Mar 2026, 17:43","tive que dar um cagote mid workout","Shoulder Press (Dumbbell)",,"",0,"normal",20,12,,,
"Push com Murilao","9 Mar 2026, 16:43","9 Mar 2026, 17:43","tive que dar um cagote mid workout","Shoulder Press (Dumbbell)",,"",1,"normal",20,12,,,
"Push com Murilao","9 Mar 2026, 16:43","9 Mar 2026, 17:43","tive que dar um cagote mid workout","Shoulder Press (Dumbbell)",,"",2,"normal",20,12,,,
"Push com Murilao","9 Mar 2026, 16:43","9 Mar 2026, 17:43","tive que dar um cagote mid workout","Single Arm Lateral Raise (Cable)",,"",0,"normal",10,10,,,
"Push com Murilao","9 Mar 2026, 16:43","9 Mar 2026, 17:43","tive que dar um cagote mid workout","Single Arm Lateral Raise (Cable)",,"",1,"normal",10,10,,,
"Push com Murilao","9 Mar 2026, 16:43","9 Mar 2026, 17:43","tive que dar um cagote mid workout","Single Arm Lateral Raise (Cable)",,"",2,"normal",10,10,,,
"Push com Murilao","9 Mar 2026, 16:43","9 Mar 2026, 17:43","tive que dar um cagote mid workout","Single Arm Lateral Raise (Cable)",,"",3,"normal",10,10,,,
"Push com Murilao","9 Mar 2026, 16:43","9 Mar 2026, 17:43","tive que dar um cagote mid workout","Single Arm Lateral Raise (Cable)",,"",4,"normal",10,10,,,
"Push com Murilao","9 Mar 2026, 16:43","9 Mar 2026, 17:43","tive que dar um cagote mid workout","Single Arm Lateral Raise (Cable)",,"",5,"normal",10,10,,,
"Push com Murilao","9 Mar 2026, 16:43","9 Mar 2026, 17:43","tive que dar um cagote mid workout","Triceps Rope Pushdown",,"",0,"normal",20,15,,,
"Push com Murilao","9 Mar 2026, 16:43","9 Mar 2026, 17:43","tive que dar um cagote mid workout","Triceps Rope Pushdown",,"",1,"normal",30,12,,,
"Push com Murilao","9 Mar 2026, 16:43","9 Mar 2026, 17:43","tive que dar um cagote mid workout","Triceps Rope Pushdown",,"",2,"normal",30,8,,,
"pull lero lore lore","7 Mar 2026, 17:50","7 Mar 2026, 18:50","the whole world wants to know, where’s lorena? workout num 3/? with no lore","Bent Over Row (Barbell)",,"dava pra fazer mas umas hein, tvlz aumentar o peso na prox?",0,"warmup",20,20,,,
"pull lero lore lore","7 Mar 2026, 17:50","7 Mar 2026, 18:50","the whole world wants to know, where’s lorena? workout num 3/? with no lore","Bent Over Row (Barbell)",,"dava pra fazer mas umas hein, tvlz aumentar o peso na prox?",1,"normal",40,10,,,
"pull lero lore lore","7 Mar 2026, 17:50","7 Mar 2026, 18:50","the whole world wants to know, where’s lorena? workout num 3/? with no lore","Bent Over Row (Barbell)",,"dava pra fazer mas umas hein, tvlz aumentar o peso na prox?",2,"normal",50,10,,,
"pull lero lore lore","7 Mar 2026, 17:50","7 Mar 2026, 18:50","the whole world wants to know, where’s lorena? workout num 3/? with no lore","Bent Over Row (Barbell)",,"dava pra fazer mas umas hein, tvlz aumentar o peso na prox?",3,"normal",50,10,,,
"pull lero lore lore","7 Mar 2026, 17:50","7 Mar 2026, 18:50","the whole world wants to know, where’s lorena? workout num 3/? with no lore","Lat Pulldown (Cable)",,"",0,"normal",45,8,,,
"pull lero lore lore","7 Mar 2026, 17:50","7 Mar 2026, 18:50","the whole world wants to know, where’s lorena? workout num 3/? with no lore","Lat Pulldown (Cable)",,"",1,"normal",35,10,,,
"pull lero lore lore","7 Mar 2026, 17:50","7 Mar 2026, 18:50","the whole world wants to know, where’s lorena? workout num 3/? with no lore","Lat Pulldown (Cable)",,"",2,"normal",35,10,,,
"pull lero lore lore","7 Mar 2026, 17:50","7 Mar 2026, 18:50","the whole world wants to know, where’s lorena? workout num 3/? with no lore","Bicep Curl (Barbell)",,"",0,"normal",17.5,12,,,
"pull lero lore lore","7 Mar 2026, 17:50","7 Mar 2026, 18:50","the whole world wants to know, where’s lorena? workout num 3/? with no lore","Bicep Curl (Barbell)",,"",1,"normal",22.5,10,,,
"pull lero lore lore","7 Mar 2026, 17:50","7 Mar 2026, 18:50","the whole world wants to know, where’s lorena? workout num 3/? with no lore","Bicep Curl (Barbell)",,"",2,"normal",22.5,8,,,
"pull lero lore lore","7 Mar 2026, 17:50","7 Mar 2026, 18:50","the whole world wants to know, where’s lorena? workout num 3/? with no lore","Bicep Curl (Dumbbell)",,"",0,"normal",16,12,,,
"pull lero lore lore","7 Mar 2026, 17:50","7 Mar 2026, 18:50","the whole world wants to know, where’s lorena? workout num 3/? with no lore","Bicep Curl (Dumbbell)",,"",1,"normal",16,12,,,
"pull lero lore lore","7 Mar 2026, 17:50","7 Mar 2026, 18:50","the whole world wants to know, where’s lorena? workout num 3/? with no lore","Bicep Curl (Dumbbell)",,"",2,"normal",16,12,,,
"pernocas","4 Mar 2026, 17:13","4 Mar 2026, 17:58","lorena i miss you","Squat (Barbell)",,"",0,"warmup",20,12,,,
"pernocas","4 Mar 2026, 17:13","4 Mar 2026, 17:58","lorena i miss you","Squat (Barbell)",,"",1,"normal",40,8,,,
"pernocas","4 Mar 2026, 17:13","4 Mar 2026, 17:58","lorena i miss you","Squat (Barbell)",,"",2,"normal",40,8,,,
"pernocas","4 Mar 2026, 17:13","4 Mar 2026, 17:58","lorena i miss you","Squat (Barbell)",,"",3,"normal",40,8,,,
"pernocas","4 Mar 2026, 17:13","4 Mar 2026, 17:58","lorena i miss you","Leg Extension (Machine)",,"",0,"normal",50,8,,,
"pernocas","4 Mar 2026, 17:13","4 Mar 2026, 17:58","lorena i miss you","Leg Extension (Machine)",,"",1,"normal",30,12,,,
"pernocas","4 Mar 2026, 17:13","4 Mar 2026, 17:58","lorena i miss you","Leg Extension (Machine)",,"",2,"normal",30,12,,,
"pernocas","4 Mar 2026, 17:13","4 Mar 2026, 17:58","lorena i miss you","Leg Extension (Machine)",,"",3,"normal",30,12,,,
"pernocas","4 Mar 2026, 17:13","4 Mar 2026, 17:58","lorena i miss you","Hip Abduction (Machine)",,"tava esperando a leg extension mas alugaram a máquina",0,"normal",15,15,,,
"pernocas","4 Mar 2026, 17:13","4 Mar 2026, 17:58","lorena i miss you","Hip Abduction (Machine)",,"tava esperando a leg extension mas alugaram a máquina",1,"normal",15,15,,,
"pernocas","4 Mar 2026, 17:13","4 Mar 2026, 17:58","lorena i miss you","Romanian Deadlift (Dumbbell)",,"8 em cada",0,"normal",16,8,,,
"pernocas","4 Mar 2026, 17:13","4 Mar 2026, 17:58","lorena i miss you","Romanian Deadlift (Dumbbell)",,"8 em cada",1,"normal",16,8,,,
"pernocas","4 Mar 2026, 17:13","4 Mar 2026, 17:58","lorena i miss you","Romanian Deadlift (Dumbbell)",,"8 em cada",2,"normal",16,10,,,
"Começando um PPL","12 Feb 2026, 15:28","12 Feb 2026, 16:58","demorei mais pq tava aprendendo onde tava tudo // treino meio meh","Butterfly (Pec Deck)",,"",0,"normal",40,12,,,
"Começando um PPL","12 Feb 2026, 15:28","12 Feb 2026, 16:58","demorei mais pq tava aprendendo onde tava tudo // treino meio meh","Butterfly (Pec Deck)",,"",1,"normal",40,12,,,
"Começando um PPL","12 Feb 2026, 15:28","12 Feb 2026, 16:58","demorei mais pq tava aprendendo onde tava tudo // treino meio meh","Butterfly (Pec Deck)",,"",2,"normal",40,8,,,
"Começando um PPL","12 Feb 2026, 15:28","12 Feb 2026, 16:58","demorei mais pq tava aprendendo onde tava tudo // treino meio meh","Butterfly (Pec Deck)",,"",3,"normal",35,10,,,
"Começando um PPL","12 Feb 2026, 15:28","12 Feb 2026, 16:58","demorei mais pq tava aprendendo onde tava tudo // treino meio meh","Incline Bench Press (Dumbbell)",,"",0,"normal",28,12,,,
"Começando um PPL","12 Feb 2026, 15:28","12 Feb 2026, 16:58","demorei mais pq tava aprendendo onde tava tudo // treino meio meh","Incline Bench Press (Dumbbell)",,"",1,"normal",28,12,,,
"Começando um PPL","12 Feb 2026, 15:28","12 Feb 2026, 16:58","demorei mais pq tava aprendendo onde tava tudo // treino meio meh","Incline Bench Press (Dumbbell)",,"",2,"normal",28,12,,,
"Começando um PPL","12 Feb 2026, 15:28","12 Feb 2026, 16:58","demorei mais pq tava aprendendo onde tava tudo // treino meio meh","Shoulder Press (Dumbbell)",,"",0,"normal",24,12,,,
"Começando um PPL","12 Feb 2026, 15:28","12 Feb 2026, 16:58","demorei mais pq tava aprendendo onde tava tudo // treino meio meh","Shoulder Press (Dumbbell)",,"",1,"normal",24,8,,,
"Começando um PPL","12 Feb 2026, 15:28","12 Feb 2026, 16:58","demorei mais pq tava aprendendo onde tava tudo // treino meio meh","Shoulder Press (Dumbbell)",,"",2,"normal",24,10,,,
"Começando um PPL","12 Feb 2026, 15:28","12 Feb 2026, 16:58","demorei mais pq tava aprendendo onde tava tudo // treino meio meh","Single Arm Lateral Raise (Cable)",,"",0,"normal",10,10,,,
"Começando um PPL","12 Feb 2026, 15:28","12 Feb 2026, 16:58","demorei mais pq tava aprendendo onde tava tudo // treino meio meh","Single Arm Lateral Raise (Cable)",,"",1,"normal",10,10,,,
"Começando um PPL","12 Feb 2026, 15:28","12 Feb 2026, 16:58","demorei mais pq tava aprendendo onde tava tudo // treino meio meh","Single Arm Lateral Raise (Cable)",,"",2,"normal",10,10,,,
"Começando um PPL","12 Feb 2026, 15:28","12 Feb 2026, 16:58","demorei mais pq tava aprendendo onde tava tudo // treino meio meh","Single Arm Lateral Raise (Cable)",,"",3,"normal",10,10,,,
"Começando um PPL","12 Feb 2026, 15:28","12 Feb 2026, 16:58","demorei mais pq tava aprendendo onde tava tudo // treino meio meh","Single Arm Lateral Raise (Cable)",,"",4,"normal",10,10,,,
"Começando um PPL","12 Feb 2026, 15:28","12 Feb 2026, 16:58","demorei mais pq tava aprendendo onde tava tudo // treino meio meh","Single Arm Lateral Raise (Cable)",,"",5,"normal",10,10,,,
"Começando um PPL","12 Feb 2026, 15:28","12 Feb 2026, 16:58","demorei mais pq tava aprendendo onde tava tudo // treino meio meh","Triceps Rope Pushdown",,"",0,"normal",20,15,,,
"Começando um PPL","12 Feb 2026, 15:28","12 Feb 2026, 16:58","demorei mais pq tava aprendendo onde tava tudo // treino meio meh","Triceps Rope Pushdown",,"",1,"normal",20,15,,,
"Começando um PPL","12 Feb 2026, 15:28","12 Feb 2026, 16:58","demorei mais pq tava aprendendo onde tava tudo // treino meio meh","Triceps Rope Pushdown",,"",2,"normal",20,15,,,
"lore 🦵🦵","17 Jan 2026, 00:25","17 Jan 2026, 02:02","i wasn’t expecting the flash","Leg Extension (Machine)",,"",0,"warmup",45.36,15,,,
"lore 🦵🦵","17 Jan 2026, 00:25","17 Jan 2026, 02:02","i wasn’t expecting the flash","Leg Extension (Machine)",,"",1,"normal",72.57,10,,,
"lore 🦵🦵","17 Jan 2026, 00:25","17 Jan 2026, 02:02","i wasn’t expecting the flash","Leg Extension (Machine)",,"",2,"normal",72.57,10,,,
"lore 🦵🦵","17 Jan 2026, 00:25","17 Jan 2026, 02:02","i wasn’t expecting the flash","Leg Extension (Machine)",,"",3,"normal",72.57,10,,,
"lore 🦵🦵","17 Jan 2026, 00:25","17 Jan 2026, 02:02","i wasn’t expecting the flash","Squat (Smith Machine)",,"",0,"normal",61.24,6,,,
"lore 🦵🦵","17 Jan 2026, 00:25","17 Jan 2026, 02:02","i wasn’t expecting the flash","Squat (Smith Machine)",,"",1,"normal",52.16,8,,,
"lore 🦵🦵","17 Jan 2026, 00:25","17 Jan 2026, 02:02","i wasn’t expecting the flash","Squat (Smith Machine)",,"",2,"normal",52.16,8,,,
"lore 🦵🦵","17 Jan 2026, 00:25","17 Jan 2026, 02:02","i wasn’t expecting the flash","Lying Leg Curl (Machine)",,"",0,"normal",29.48,10,,,
"lore 🦵🦵","17 Jan 2026, 00:25","17 Jan 2026, 02:02","i wasn’t expecting the flash","Lying Leg Curl (Machine)",,"",1,"normal",45.36,10,,,
"lore 🦵🦵","17 Jan 2026, 00:25","17 Jan 2026, 02:02","i wasn’t expecting the flash","Lying Leg Curl (Machine)",,"",2,"normal",45.36,8,,,
"lore 🦵🦵","17 Jan 2026, 00:25","17 Jan 2026, 02:02","i wasn’t expecting the flash","Calf Extension (Machine)",,"",0,"normal",45.36,15,,,
"lore 🦵🦵","17 Jan 2026, 00:25","17 Jan 2026, 02:02","i wasn’t expecting the flash","Calf Extension (Machine)",,"",1,"normal",45.36,12,,,
"loreupper","14 Jan 2026, 01:51","14 Jan 2026, 03:33","i felt like a creep taking this pic LMAO","Lat Pulldown (Cable)",,"",0,"warmup",31.75,15,,,
"loreupper","14 Jan 2026, 01:51","14 Jan 2026, 03:33","i felt like a creep taking this pic LMAO","Lat Pulldown (Cable)",,"",1,"normal",45.36,12,,,
"loreupper","14 Jan 2026, 01:51","14 Jan 2026, 03:33","i felt like a creep taking this pic LMAO","Lat Pulldown (Cable)",,"",2,"normal",45.36,12,,,
"loreupper","14 Jan 2026, 01:51","14 Jan 2026, 03:33","i felt like a creep taking this pic LMAO","Incline Bench Press (Dumbbell)",,"",0,"normal",36.29,10,,,
"loreupper","14 Jan 2026, 01:51","14 Jan 2026, 03:33","i felt like a creep taking this pic LMAO","Incline Bench Press (Dumbbell)",,"",1,"normal",36.29,10,,,
"loreupper","14 Jan 2026, 01:51","14 Jan 2026, 03:33","i felt like a creep taking this pic LMAO","Incline Bench Press (Dumbbell)",,"",2,"normal",36.29,10,,,
"loreupper","14 Jan 2026, 01:51","14 Jan 2026, 03:33","i felt like a creep taking this pic LMAO","Shoulder Press (Dumbbell)",,"",0,"normal",13.61,10,,,
"loreupper","14 Jan 2026, 01:51","14 Jan 2026, 03:33","i felt like a creep taking this pic LMAO","Shoulder Press (Dumbbell)",,"",1,"normal",13.61,10,,,
"loreupper","14 Jan 2026, 01:51","14 Jan 2026, 03:33","i felt like a creep taking this pic LMAO","Shoulder Press (Dumbbell)",,"",2,"normal",13.61,8,,,
"loreupper","14 Jan 2026, 01:51","14 Jan 2026, 03:33","i felt like a creep taking this pic LMAO","Single Arm Triceps Pushdown (Cable)",,"",0,"normal",22.68,10,,,
"loreupper","14 Jan 2026, 01:51","14 Jan 2026, 03:33","i felt like a creep taking this pic LMAO","Single Arm Triceps Pushdown (Cable)",,"",1,"normal",22.68,10,,,
"loreupper","14 Jan 2026, 01:51","14 Jan 2026, 03:33","i felt like a creep taking this pic LMAO","Single Arm Triceps Pushdown (Cable)",,"",2,"normal",22.68,10,,,
"loreupper","14 Jan 2026, 01:51","14 Jan 2026, 03:33","i felt like a creep taking this pic LMAO","Bicep Curl (Dumbbell)",,"",0,"normal",18.14,12,,,
"loreupper","14 Jan 2026, 01:51","14 Jan 2026, 03:33","i felt like a creep taking this pic LMAO","Bicep Curl (Dumbbell)",,"",1,"normal",18.14,12,,,
"loreupper","14 Jan 2026, 01:51","14 Jan 2026, 03:33","i felt like a creep taking this pic LMAO","Bicep Curl (Dumbbell)",,"",2,"normal",18.14,12,,,
"lorelegs","19 Dec 2025, 23:06","20 Dec 2025, 00:06","","Leg Extension (Machine)",,"legal legal",0,"warmup",45.36,15,,,
"lorelegs","19 Dec 2025, 23:06","20 Dec 2025, 00:06","","Leg Extension (Machine)",,"legal legal",1,"normal",72.57,10,,,
"lorelegs","19 Dec 2025, 23:06","20 Dec 2025, 00:06","","Leg Extension (Machine)",,"legal legal",2,"normal",72.57,10,,,
"lorelegs","19 Dec 2025, 23:06","20 Dec 2025, 00:06","","Leg Extension (Machine)",,"legal legal",3,"normal",72.57,8,,,
"lorelegs","19 Dec 2025, 23:06","20 Dec 2025, 00:06","","Romanian Deadlift (Dumbbell)",,"morri nesse leg extension",0,"normal",15.88,8,,,
"lorelegs","19 Dec 2025, 23:06","20 Dec 2025, 00:06","","Romanian Deadlift (Dumbbell)",,"morri nesse leg extension",1,"normal",15.88,8,,,
"lorelegs","19 Dec 2025, 23:06","20 Dec 2025, 00:06","","Romanian Deadlift (Dumbbell)",,"morri nesse leg extension",2,"normal",15.88,8,,,
"lorelegs","19 Dec 2025, 23:06","20 Dec 2025, 00:06","","Hip Adduction (Machine)",,"",0,"warmup",20.41,15,,,
"lorelegs","19 Dec 2025, 23:06","20 Dec 2025, 00:06","","Hip Adduction (Machine)",,"",1,"normal",47.63,12,,,
"lorelegs","19 Dec 2025, 23:06","20 Dec 2025, 00:06","","Hip Adduction (Machine)",,"",2,"normal",47.63,12,,,
"lorelegs","19 Dec 2025, 23:06","20 Dec 2025, 00:06","","Calf Extension (Machine)",,"",0,"normal",43.09,15,,,
"lorelegs","19 Dec 2025, 23:06","20 Dec 2025, 00:06","","Calf Extension (Machine)",,"",1,"normal",43.09,15,,,
"lorelegs","19 Dec 2025, 23:06","20 Dec 2025, 00:06","","Calf Extension (Machine)",,"",2,"normal",43.09,15,,,
"oi sumida","18 Dec 2025, 03:24","18 Dec 2025, 04:06","","Lateral Raise (Dumbbell)",,"",0,"warmup",9.07,18,,,
"oi sumida","18 Dec 2025, 03:24","18 Dec 2025, 04:06","","Lateral Raise (Dumbbell)",,"",1,"normal",18.14,10,,,
"oi sumida","18 Dec 2025, 03:24","18 Dec 2025, 04:06","","Lateral Raise (Dumbbell)",,"",2,"normal",18.14,8,,,
"oi sumida","18 Dec 2025, 03:24","18 Dec 2025, 04:06","","Lateral Raise (Dumbbell)",,"",3,"normal",18.14,8,,,
"oi sumida","18 Dec 2025, 03:24","18 Dec 2025, 04:06","","Single Arm Lateral Raise (Cable)",,"",0,"normal",9.07,10,,,
"oi sumida","18 Dec 2025, 03:24","18 Dec 2025, 04:06","","Single Arm Lateral Raise (Cable)",,"",1,"normal",9.07,10,,,
"oi sumida","18 Dec 2025, 03:24","18 Dec 2025, 04:06","","Bicep Curl (Dumbbell)",,"",0,"warmup",18.14,12,,,
"oi sumida","18 Dec 2025, 03:24","18 Dec 2025, 04:06","","Bicep Curl (Dumbbell)",,"",1,"normal",22.68,12,,,
"oi sumida","18 Dec 2025, 03:24","18 Dec 2025, 04:06","","Bicep Curl (Dumbbell)",,"",2,"normal",22.68,12,,,
"oi sumida","18 Dec 2025, 03:24","18 Dec 2025, 04:06","","Triceps Rope Pushdown",,"",0,"warmup",13.61,12,,,
"oi sumida","18 Dec 2025, 03:24","18 Dec 2025, 04:06","","Triceps Rope Pushdown",,"",1,"normal",22.68,10,,,
"oi sumida","18 Dec 2025, 03:24","18 Dec 2025, 04:06","","Triceps Rope Pushdown",,"",2,"normal",22.68,10,,,
"oi sumida","18 Dec 2025, 03:24","18 Dec 2025, 04:06","","Single Arm Triceps Pushdown (Cable)",,"",0,"normal",22.68,10,,,
"oi sumida","18 Dec 2025, 03:24","18 Dec 2025, 04:06","","Single Arm Triceps Pushdown (Cable)",,"",1,"normal",22.68,10,,,
"LORENA WHERE ARE YOU","27 Nov 2025, 05:04","27 Nov 2025, 05:44","","Single Arm Lateral Raise (Cable)",,"",0,"warmup",6.8,10,,,
"LORENA WHERE ARE YOU","27 Nov 2025, 05:04","27 Nov 2025, 05:44","","Single Arm Lateral Raise (Cable)",,"",1,"normal",9.07,10,,,
"LORENA WHERE ARE YOU","27 Nov 2025, 05:04","27 Nov 2025, 05:44","","Single Arm Lateral Raise (Cable)",,"",2,"normal",9.07,10,,,
"LORENA WHERE ARE YOU","27 Nov 2025, 05:04","27 Nov 2025, 05:44","","Single Arm Lateral Raise (Cable)",,"",3,"normal",9.07,10,,,
"LORENA WHERE ARE YOU","27 Nov 2025, 05:04","27 Nov 2025, 05:44","","Seated Shoulder Press (Machine)",,"peso ideial pra n sentir o cotovelo, senti so nas ultimas duas reps",0,"normal",31.75,12,,,
"LORENA WHERE ARE YOU","27 Nov 2025, 05:04","27 Nov 2025, 05:44","","Seated Shoulder Press (Machine)",,"peso ideial pra n sentir o cotovelo, senti so nas ultimas duas reps",1,"normal",31.75,10,,,
"LORENA WHERE ARE YOU","27 Nov 2025, 05:04","27 Nov 2025, 05:44","","Seated Shoulder Press (Machine)",,"peso ideial pra n sentir o cotovelo, senti so nas ultimas duas reps",2,"normal",31.75,10,,,
"LORENA WHERE ARE YOU","27 Nov 2025, 05:04","27 Nov 2025, 05:44","","Rear Delt Reverse Fly (Machine)",,"",0,"normal",18.14,10,,,
"LORENA WHERE ARE YOU","27 Nov 2025, 05:04","27 Nov 2025, 05:44","","Rear Delt Reverse Fly (Machine)",,"",1,"normal",18.14,10,,,
"LORENA WHERE ARE YOU","27 Nov 2025, 05:04","27 Nov 2025, 05:44","","Rear Delt Reverse Fly (Machine)",,"",2,"normal",18.14,10,,,
"LORENA WHERE ARE YOU","27 Nov 2025, 05:04","27 Nov 2025, 05:44","","Rear Delt Reverse Fly (Machine)",,"",3,"normal",18.14,10,,,
"LORENA WHERE ARE YOU","27 Nov 2025, 05:04","27 Nov 2025, 05:44","","Single Arm Triceps Pushdown (Cable)",,"fazendo o do X (PIKA TA??)",0,"normal",22.68,10,,,
"LORENA WHERE ARE YOU","27 Nov 2025, 05:04","27 Nov 2025, 05:44","","Single Arm Triceps Pushdown (Cable)",,"fazendo o do X (PIKA TA??)",1,"normal",22.68,10,,,
"LORENA WHERE ARE YOU","27 Nov 2025, 05:04","27 Nov 2025, 05:44","","Single Arm Triceps Pushdown (Cable)",,"fazendo o do X (PIKA TA??)",2,"normal",22.68,10,,,
"odeio treine costas","14 Nov 2025, 17:41","14 Nov 2025, 18:25","","Seated Cable Row - V Grip (Cable)",,"",0,"warmup",22.68,15,,,
"odeio treine costas","14 Nov 2025, 17:41","14 Nov 2025, 18:25","","Seated Cable Row - V Grip (Cable)",,"",1,"normal",45.36,10,,,
"odeio treine costas","14 Nov 2025, 17:41","14 Nov 2025, 18:25","","Seated Cable Row - V Grip (Cable)",,"",2,"normal",45.36,10,,,
"odeio treine costas","14 Nov 2025, 17:41","14 Nov 2025, 18:25","","Seated Cable Row - V Grip (Cable)",,"",3,"normal",45.36,10,,,
"odeio treine costas","14 Nov 2025, 17:41","14 Nov 2025, 18:25","","Chin Up (Assisted)",,"pegada aberta\nmeio decepcionado mas eh isso",0,"normal",,4,,,
"odeio treine costas","14 Nov 2025, 17:41","14 Nov 2025, 18:25","","Chin Up (Assisted)",,"pegada aberta\nmeio decepcionado mas eh isso",1,"normal",18.14,7,,,
"odeio treine costas","14 Nov 2025, 17:41","14 Nov 2025, 18:25","","Chin Up (Assisted)",,"pegada aberta\nmeio decepcionado mas eh isso",2,"normal",31.75,10,,,
"odeio treine costas","14 Nov 2025, 17:41","14 Nov 2025, 18:25","","Back Extension (Weighted Hyperextension)",,"",0,"normal",,12,,,
"odeio treine costas","14 Nov 2025, 17:41","14 Nov 2025, 18:25","","Back Extension (Weighted Hyperextension)",,"",1,"normal",,12,,,
"odeio treine costas","14 Nov 2025, 17:41","14 Nov 2025, 18:25","","Back Extension (Weighted Hyperextension)",,"",2,"normal",,12,,,
"odeio treine costas","14 Nov 2025, 17:41","14 Nov 2025, 18:25","","Single Arm Lateral Raise (Cable)",,"",0,"normal",9.07,10,,,
"odeio treine costas","14 Nov 2025, 17:41","14 Nov 2025, 18:25","","Single Arm Lateral Raise (Cable)",,"",1,"normal",9.07,10,,,
"odeio treine costas","14 Nov 2025, 17:41","14 Nov 2025, 18:25","","Single Arm Lateral Raise (Cable)",,"",2,"normal",9.07,10,,,
"the humbling workout","12 Nov 2025, 21:38","12 Nov 2025, 22:39","","Hip Thrust (Barbell)",,"",0,"normal",,20,,,
"the humbling workout","12 Nov 2025, 21:38","12 Nov 2025, 22:39","","Hip Thrust (Barbell)",,"",1,"normal",40.82,10,,,
"the humbling workout","12 Nov 2025, 21:38","12 Nov 2025, 22:39","","Hip Thrust (Barbell)",,"",2,"normal",81.65,8,,,
"the humbling workout","12 Nov 2025, 21:38","12 Nov 2025, 22:39","","Hip Thrust (Barbell)",,"",3,"normal",63.5,10,,,
"the humbling workout","12 Nov 2025, 21:38","12 Nov 2025, 22:39","","Hack Squat (Machine)",,"feeling my knees :/",0,"normal",40.82,8,,,
"the humbling workout","12 Nov 2025, 21:38","12 Nov 2025, 22:39","","Hack Squat (Machine)",,"feeling my knees :/",1,"normal",22.68,10,,,
"the humbling workout","12 Nov 2025, 21:38","12 Nov 2025, 22:39","","Hack Squat (Machine)",,"feeling my knees :/",2,"normal",22.68,8,,,
"the humbling workout","12 Nov 2025, 21:38","12 Nov 2025, 22:39","","Romanian Deadlift (Dumbbell)",,"",0,"normal",15.88,10,,,
"the humbling workout","12 Nov 2025, 21:38","12 Nov 2025, 22:39","","Romanian Deadlift (Dumbbell)",,"",1,"normal",15.88,10,,,
"the humbling workout","12 Nov 2025, 21:38","12 Nov 2025, 22:39","","Romanian Deadlift (Dumbbell)",,"",2,"normal",15.88,8,,,
"the humbling workout","12 Nov 2025, 21:38","12 Nov 2025, 22:39","","Hip Adduction (Machine)",,"",0,"normal",34.02,20,,,
"the humbling workout","12 Nov 2025, 21:38","12 Nov 2025, 22:39","","Hip Adduction (Machine)",,"",1,"normal",34.02,15,,,
"the humbling workout","12 Nov 2025, 21:38","12 Nov 2025, 22:39","","Hip Adduction (Machine)",,"",2,"normal",36.29,15,,,
"the humbling workout","12 Nov 2025, 21:38","12 Nov 2025, 22:39","","Calf Extension (Machine)",,"",0,"normal",40.82,15,,,
"the humbling workout","12 Nov 2025, 21:38","12 Nov 2025, 22:39","","Calf Extension (Machine)",,"",1,"normal",40.82,15,,,
"the humbling workout","12 Nov 2025, 21:38","12 Nov 2025, 22:39","","Calf Extension (Machine)",,"",2,"normal",40.82,15,,,
"peibitri","9 Nov 2025, 03:20","9 Nov 2025, 04:08","","Cable Fly Crossovers",,"mudei a base, botei os dois pes juntos e tive q baixar a carga\n\nsenti bastante o ombro (nao dor)",0,"warmup",18.14,15,,,
"peibitri","9 Nov 2025, 03:20","9 Nov 2025, 04:08","","Cable Fly Crossovers",,"mudei a base, botei os dois pes juntos e tive q baixar a carga\n\nsenti bastante o ombro (nao dor)",1,"normal",31.75,8,,,
"peibitri","9 Nov 2025, 03:20","9 Nov 2025, 04:08","","Cable Fly Crossovers",,"mudei a base, botei os dois pes juntos e tive q baixar a carga\n\nsenti bastante o ombro (nao dor)",2,"normal",31.75,10,,,
"peibitri","9 Nov 2025, 03:20","9 Nov 2025, 04:08","","Cable Fly Crossovers",,"mudei a base, botei os dois pes juntos e tive q baixar a carga\n\nsenti bastante o ombro (nao dor)",3,"normal",31.75,10,,,
"peibitri","9 Nov 2025, 03:20","9 Nov 2025, 04:08","","Preacher Curl (Barbell)",,"achei q o 60 ia de boas, achei errado\n\nto suspeitando q esse EZ bar eh mais pesada doq 20lbs kkkkk",0,"warmup",18.14,10,,,
"peibitri","9 Nov 2025, 03:20","9 Nov 2025, 04:08","","Preacher Curl (Barbell)",,"achei q o 60 ia de boas, achei errado\n\nto suspeitando q esse EZ bar eh mais pesada doq 20lbs kkkkk",1,"normal",27.22,6,,,
"peibitri","9 Nov 2025, 03:20","9 Nov 2025, 04:08","","Preacher Curl (Barbell)",,"achei q o 60 ia de boas, achei errado\n\nto suspeitando q esse EZ bar eh mais pesada doq 20lbs kkkkk",2,"normal",22.68,10,,,
"peibitri","9 Nov 2025, 03:20","9 Nov 2025, 04:08","","Preacher Curl (Barbell)",,"achei q o 60 ia de boas, achei errado\n\nto suspeitando q esse EZ bar eh mais pesada doq 20lbs kkkkk",3,"normal",22.68,8,,,
"peibitri","9 Nov 2025, 03:20","9 Nov 2025, 04:08","","Bicep Curl (Dumbbell)",,"to mei morto do outro ja, baixei pra 20lbs",0,"normal",18.14,10,,,
"peibitri","9 Nov 2025, 03:20","9 Nov 2025, 04:08","","Bicep Curl (Dumbbell)",,"to mei morto do outro ja, baixei pra 20lbs",1,"normal",18.14,10,,,
"peibitri","9 Nov 2025, 03:20","9 Nov 2025, 04:08","","Bicep Curl (Dumbbell)",,"to mei morto do outro ja, baixei pra 20lbs",2,"normal",18.14,12,,,
"peibitri","9 Nov 2025, 03:20","9 Nov 2025, 04:08","","Single Arm Triceps Pushdown (Cable)",,"mas aí eu fui burrao e anotei errado da última vez",0,"warmup",13.61,20,,,
"peibitri","9 Nov 2025, 03:20","9 Nov 2025, 04:08","","Single Arm Triceps Pushdown (Cable)",,"mas aí eu fui burrao e anotei errado da última vez",1,"normal",22.68,12,,,
"peibitri","9 Nov 2025, 03:20","9 Nov 2025, 04:08","","Single Arm Triceps Pushdown (Cable)",,"mas aí eu fui burrao e anotei errado da última vez",2,"normal",22.68,10,,,
"peibitri","9 Nov 2025, 03:20","9 Nov 2025, 04:08","","Single Arm Triceps Pushdown (Cable)",,"mas aí eu fui burrao e anotei errado da última vez",3,"normal",22.68,10,,,
"leg day with my gym sis","7 Nov 2025, 02:14","7 Nov 2025, 03:44","","Hip Thrust (Barbell)",,"lorenas machine",0,"normal",,20,,,
"leg day with my gym sis","7 Nov 2025, 02:14","7 Nov 2025, 03:44","","Hip Thrust (Barbell)",,"lorenas machine",1,"normal",40.82,10,,,
"leg day with my gym sis","7 Nov 2025, 02:14","7 Nov 2025, 03:44","","Hip Thrust (Barbell)",,"lorenas machine",2,"normal",81.65,10,,,
"leg day with my gym sis","7 Nov 2025, 02:14","7 Nov 2025, 03:44","","Hip Thrust (Barbell)",,"lorenas machine",3,"normal",104.33,10,,,
"leg day with my gym sis","7 Nov 2025, 02:14","7 Nov 2025, 03:44","","Squat (Smith Machine)",,"i could literally hear my knees popping everytime i went down (la ele)",0,"normal",52.16,8,,,
"leg day with my gym sis","7 Nov 2025, 02:14","7 Nov 2025, 03:44","","Squat (Smith Machine)",,"i could literally hear my knees popping everytime i went down (la ele)",1,"normal",38.56,8,,,
"leg day with my gym sis","7 Nov 2025, 02:14","7 Nov 2025, 03:44","","Squat (Smith Machine)",,"i could literally hear my knees popping everytime i went down (la ele)",2,"normal",38.56,8,,,
"leg day with my gym sis","7 Nov 2025, 02:14","7 Nov 2025, 03:44","","Romanian Deadlift (Barbell)",,"",0,"normal",20.41,10,,,
"leg day with my gym sis","7 Nov 2025, 02:14","7 Nov 2025, 03:44","","Romanian Deadlift (Barbell)",,"",1,"normal",20.41,10,,,
"leg day with my gym sis","7 Nov 2025, 02:14","7 Nov 2025, 03:44","","Romanian Deadlift (Barbell)",,"",2,"normal",24.95,10,,,
"leg day with my gym sis","7 Nov 2025, 02:14","7 Nov 2025, 03:44","","Hip Abduction (Machine)",,"",0,"normal",13.61,8,,,
"leg day with my gym sis","7 Nov 2025, 02:14","7 Nov 2025, 03:44","","Hip Abduction (Machine)",,"",1,"normal",13.61,8,,,
"leg day with my gym sis","7 Nov 2025, 02:14","7 Nov 2025, 03:44","","Hip Adduction (Machine)",,"",0,"normal",34.02,20,,,
"leg day with my gym sis","7 Nov 2025, 02:14","7 Nov 2025, 03:44","","Hanging Knee Raise",,"",0,"normal",,12,,,
"leg day with my gym sis","7 Nov 2025, 02:14","7 Nov 2025, 03:44","","Hanging Knee Raise",,"",1,"normal",,12,,,
"peibitriiii","24 Oct 2025, 02:31","24 Oct 2025, 03:33","","Incline Bench Press (Smith Machine)",,"pesadinn",0,"warmup",20.41,25,,,
"peibitriiii","24 Oct 2025, 02:31","24 Oct 2025, 03:33","","Incline Bench Press (Smith Machine)",,"pesadinn",1,"normal",61.24,8,,,
"peibitriiii","24 Oct 2025, 02:31","24 Oct 2025, 03:33","","Incline Bench Press (Smith Machine)",,"pesadinn",2,"failure",61.24,7,,,
"peibitriiii","24 Oct 2025, 02:31","24 Oct 2025, 03:33","","Incline Bench Press (Smith Machine)",,"pesadinn",3,"normal",52.16,10,,,
"peibitriiii","24 Oct 2025, 02:31","24 Oct 2025, 03:33","","Cable Fly Crossovers",,"pegado, forma tava meio merda",0,"normal",45.36,8,,,
"peibitriiii","24 Oct 2025, 02:31","24 Oct 2025, 03:33","","Cable Fly Crossovers",,"pegado, forma tava meio merda",1,"failure",45.36,7,,,
"peibitriiii","24 Oct 2025, 02:31","24 Oct 2025, 03:33","","Cable Fly Crossovers",,"pegado, forma tava meio merda",2,"normal",40.82,8,,,
"peibitriiii","24 Oct 2025, 02:31","24 Oct 2025, 03:33","","Bicep Curl (Barbell)",,"",0,"warmup",13.61,15,,,
"peibitriiii","24 Oct 2025, 02:31","24 Oct 2025, 03:33","","Bicep Curl (Barbell)",,"",1,"normal",22.68,15,,,
"peibitriiii","24 Oct 2025, 02:31","24 Oct 2025, 03:33","","Bicep Curl (Barbell)",,"",2,"normal",27.22,10,,,
"peibitriiii","24 Oct 2025, 02:31","24 Oct 2025, 03:33","","Bicep Curl (Barbell)",,"",3,"normal",27.22,10,,,
"peibitriiii","24 Oct 2025, 02:31","24 Oct 2025, 03:33","","Preacher Curl (Machine)",,"fazendo as reps mais podres ja vistas\n\nah fodase",0,"normal",36.29,10,,,
"peibitriiii","24 Oct 2025, 02:31","24 Oct 2025, 03:33","","Preacher Curl (Machine)",,"fazendo as reps mais podres ja vistas\n\nah fodase",1,"normal",36.29,6,,,
"peibitriiii","24 Oct 2025, 02:31","24 Oct 2025, 03:33","","Triceps Pushdown",,"legal legal",0,"warmup",24.95,20,,,
"peibitriiii","24 Oct 2025, 02:31","24 Oct 2025, 03:33","","Triceps Pushdown",,"legal legal",1,"normal",36.29,12,,,
"peibitriiii","24 Oct 2025, 02:31","24 Oct 2025, 03:33","","Single Arm Triceps Pushdown (Cable)",,"baixei o peso pra fazer igual a foto",0,"normal",13.61,8,,,
"peibitriiii","24 Oct 2025, 02:31","24 Oct 2025, 03:33","","Single Arm Triceps Pushdown (Cable)",,"baixei o peso pra fazer igual a foto",1,"normal",11.34,8,,,
"peibitriiii","24 Oct 2025, 02:31","24 Oct 2025, 03:33","","Single Arm Triceps Pushdown (Cable)",,"baixei o peso pra fazer igual a foto",2,"dropset",11.34,6,,,
"peibitriiii","24 Oct 2025, 02:31","24 Oct 2025, 03:33","","Single Arm Triceps Pushdown (Cable)",,"baixei o peso pra fazer igual a foto",3,"dropset",6.8,6,,,
"What’s your excuse?","22 Oct 2025, 04:43","22 Oct 2025, 05:50","","Squat (Barbell)",,"",0,"warmup",20.41,15,,,
"What’s your excuse?","22 Oct 2025, 04:43","22 Oct 2025, 05:50","","Squat (Barbell)",,"",1,"normal",43.09,15,,,
"What’s your excuse?","22 Oct 2025, 04:43","22 Oct 2025, 05:50","","Squat (Barbell)",,"",2,"normal",52.16,10,,,
"What’s your excuse?","22 Oct 2025, 04:43","22 Oct 2025, 05:50","","Squat (Barbell)",,"",3,"normal",52.16,10,,,
"What’s your excuse?","22 Oct 2025, 04:43","22 Oct 2025, 05:50","","Hack Squat (Machine)",,"idk i feel like i need to reduce the weight and go deeper",0,"normal",40.82,10,,,
"What’s your excuse?","22 Oct 2025, 04:43","22 Oct 2025, 05:50","","Hack Squat (Machine)",,"idk i feel like i need to reduce the weight and go deeper",1,"normal",40.82,12,,,
"What’s your excuse?","22 Oct 2025, 04:43","22 Oct 2025, 05:50","","Hack Squat (Machine)",,"idk i feel like i need to reduce the weight and go deeper",2,"normal",40.82,15,,,
"What’s your excuse?","22 Oct 2025, 04:43","22 Oct 2025, 05:50","","Hip Adduction (Machine)",,"ja prevejo a dor nos dias seguintes",0,"normal",18.14,15,,,
"What’s your excuse?","22 Oct 2025, 04:43","22 Oct 2025, 05:50","","Hip Adduction (Machine)",,"ja prevejo a dor nos dias seguintes",1,"normal",18.14,15,,,
"What’s your excuse?","22 Oct 2025, 04:43","22 Oct 2025, 05:50","","Hip Adduction (Machine)",,"ja prevejo a dor nos dias seguintes",2,"normal",18.14,15,,,
"What’s your excuse?","22 Oct 2025, 04:43","22 Oct 2025, 05:50","","Standing Calf Raise",,"famoso treino de vó",0,"normal",,100,,,
"What’s your excuse?","22 Oct 2025, 04:43","22 Oct 2025, 05:50","","Standing Calf Raise",,"famoso treino de vó",1,"normal",,50,,,
"morri","10 Oct 2025, 01:23","10 Oct 2025, 02:14","fazia um tempin q n treinava costas","Cable Fly Crossovers",,"",0,"warmup",18.14,15,,,
"morri","10 Oct 2025, 01:23","10 Oct 2025, 02:14","fazia um tempin q n treinava costas","Cable Fly Crossovers",,"",1,"normal",40.82,10,,,
"morri","10 Oct 2025, 01:23","10 Oct 2025, 02:14","fazia um tempin q n treinava costas","Cable Fly Crossovers",,"",2,"normal",40.82,10,,,
"morri","10 Oct 2025, 01:23","10 Oct 2025, 02:14","fazia um tempin q n treinava costas","Cable Fly Crossovers",,"",3,"normal",40.82,15,,,
"morri","10 Oct 2025, 01:23","10 Oct 2025, 02:14","fazia um tempin q n treinava costas","Incline Cable Fly",,"",0,"normal",31.75,10,,,
"morri","10 Oct 2025, 01:23","10 Oct 2025, 02:14","fazia um tempin q n treinava costas","Incline Cable Fly",,"",1,"normal",31.75,10,,,
"morri","10 Oct 2025, 01:23","10 Oct 2025, 02:14","fazia um tempin q n treinava costas","Incline Cable Fly",,"",2,"normal",36.29,10,,,
"morri","10 Oct 2025, 01:23","10 Oct 2025, 02:14","fazia um tempin q n treinava costas","Lat Pulldown (Cable)",,"",0,"normal",45.36,10,,,
"morri","10 Oct 2025, 01:23","10 Oct 2025, 02:14","fazia um tempin q n treinava costas","Lat Pulldown (Cable)",,"",1,"normal",45.36,10,,,
"morri","10 Oct 2025, 01:23","10 Oct 2025, 02:14","fazia um tempin q n treinava costas","Lat Pulldown (Cable)",,"",2,"normal",45.36,10,,,
"morri","10 Oct 2025, 01:23","10 Oct 2025, 02:14","fazia um tempin q n treinava costas","Landmine Row",,"not exactly this exercise but that’s the closest thing i could find",0,"normal",22.68,7,,,
"morri","10 Oct 2025, 01:23","10 Oct 2025, 02:14","fazia um tempin q n treinava costas","Landmine Row",,"not exactly this exercise but that’s the closest thing i could find",1,"normal",22.68,7,,,
"biri vapt vupt","3 Oct 2025, 13:10","3 Oct 2025, 13:46","pre trampo pra compensar a semana vagabundando no hollow knight","Bicep Curl (Barbell)",,"",0,"warmup",13.61,20,,,
"biri vapt vupt","3 Oct 2025, 13:10","3 Oct 2025, 13:46","pre trampo pra compensar a semana vagabundando no hollow knight","Bicep Curl (Barbell)",,"",1,"normal",22.68,10,,,
"biri vapt vupt","3 Oct 2025, 13:10","3 Oct 2025, 13:46","pre trampo pra compensar a semana vagabundando no hollow knight","Bicep Curl (Barbell)",,"",2,"normal",22.68,10,,,
"biri vapt vupt","3 Oct 2025, 13:10","3 Oct 2025, 13:46","pre trampo pra compensar a semana vagabundando no hollow knight","Bicep Curl (Barbell)",,"",3,"normal",22.68,10,,,
"biri vapt vupt","3 Oct 2025, 13:10","3 Oct 2025, 13:46","pre trampo pra compensar a semana vagabundando no hollow knight","Triceps Rope Pushdown",,"a ultima foi top execucoes porcas, vamo ficar no 60 mesmo por enquanto",0,"warmup",22.68,18,,,
"biri vapt vupt","3 Oct 2025, 13:10","3 Oct 2025, 13:46","pre trampo pra compensar a semana vagabundando no hollow knight","Triceps Rope Pushdown",,"a ultima foi top execucoes porcas, vamo ficar no 60 mesmo por enquanto",1,"normal",27.22,12,,,
"biri vapt vupt","3 Oct 2025, 13:10","3 Oct 2025, 13:46","pre trampo pra compensar a semana vagabundando no hollow knight","Triceps Rope Pushdown",,"a ultima foi top execucoes porcas, vamo ficar no 60 mesmo por enquanto",2,"normal",22.68,9,,,
"biri vapt vupt","3 Oct 2025, 13:10","3 Oct 2025, 13:46","pre trampo pra compensar a semana vagabundando no hollow knight","Bicep Curl (Cable)",,"na cordinha",0,"normal",27.22,12,,,
"biri vapt vupt","3 Oct 2025, 13:10","3 Oct 2025, 13:46","pre trampo pra compensar a semana vagabundando no hollow knight","Bicep Curl (Cable)",,"na cordinha",1,"normal",31.75,10,,,
"biri vapt vupt","3 Oct 2025, 13:10","3 Oct 2025, 13:46","pre trampo pra compensar a semana vagabundando no hollow knight","Bicep Curl (Cable)",,"na cordinha",2,"normal",31.75,10,,,
"biri vapt vupt","3 Oct 2025, 13:10","3 Oct 2025, 13:46","pre trampo pra compensar a semana vagabundando no hollow knight","Lateral Raise (Dumbbell)",,"",0,"normal",18.14,8,,,
"biri vapt vupt","3 Oct 2025, 13:10","3 Oct 2025, 13:46","pre trampo pra compensar a semana vagabundando no hollow knight","Lateral Raise (Dumbbell)",,"",1,"normal",18.14,8,,,
"biri vapt vupt","3 Oct 2025, 13:10","3 Oct 2025, 13:46","pre trampo pra compensar a semana vagabundando no hollow knight","Lateral Raise (Dumbbell)",,"",2,"normal",18.14,8,,,
"perma meio meh","26 Sep 2025, 02:03","26 Sep 2025, 02:58","faltou uma janta","Squat (Barbell)",,"focusing on going deeeeep on the squats",0,"warmup",,15,,,
"perma meio meh","26 Sep 2025, 02:03","26 Sep 2025, 02:58","faltou uma janta","Squat (Barbell)",,"focusing on going deeeeep on the squats",1,"normal",20.41,10,,,
"perma meio meh","26 Sep 2025, 02:03","26 Sep 2025, 02:58","faltou uma janta","Squat (Barbell)",,"focusing on going deeeeep on the squats",2,"normal",43.09,10,,,
"perma meio meh","26 Sep 2025, 02:03","26 Sep 2025, 02:58","faltou uma janta","Squat (Barbell)",,"focusing on going deeeeep on the squats",3,"normal",43.09,10,,,
"perma meio meh","26 Sep 2025, 02:03","26 Sep 2025, 02:58","faltou uma janta","Leg Extension (Machine)",,"passei mal dps desses squat pqp\npegar leve aq kkkk",0,"normal",54.43,10,,,
"perma meio meh","26 Sep 2025, 02:03","26 Sep 2025, 02:58","faltou uma janta","Leg Extension (Machine)",,"passei mal dps desses squat pqp\npegar leve aq kkkk",1,"normal",54.43,10,,,
"perma meio meh","26 Sep 2025, 02:03","26 Sep 2025, 02:58","faltou uma janta","Leg Extension (Machine)",,"passei mal dps desses squat pqp\npegar leve aq kkkk",2,"normal",54.43,10,,,
"perma meio meh","26 Sep 2025, 02:03","26 Sep 2025, 02:58","faltou uma janta","Romanian Deadlift (Dumbbell)",,"morrendo pqp",0,"normal",15.88,10,,,
"perma meio meh","26 Sep 2025, 02:03","26 Sep 2025, 02:58","faltou uma janta","Romanian Deadlift (Dumbbell)",,"morrendo pqp",1,"normal",15.88,10,,,
"perma meio meh","26 Sep 2025, 02:03","26 Sep 2025, 02:58","faltou uma janta","Romanian Deadlift (Dumbbell)",,"morrendo pqp",2,"normal",15.88,10,,,
"peibitri","19 Sep 2025, 01:41","19 Sep 2025, 02:30","","Incline Bench Press (Smith Machine)",,"bao",0,"warmup",20.41,20,,,
"peibitri","19 Sep 2025, 01:41","19 Sep 2025, 02:30","","Incline Bench Press (Smith Machine)",,"bao",1,"normal",52.16,12,,,
"peibitri","19 Sep 2025, 01:41","19 Sep 2025, 02:30","","Incline Bench Press (Smith Machine)",,"bao",2,"normal",52.16,10,,,
"peibitri","19 Sep 2025, 01:41","19 Sep 2025, 02:30","","Bench Press (Dumbbell)",,"meh",0,"normal",40.82,9,,,
"peibitri","19 Sep 2025, 01:41","19 Sep 2025, 02:30","","Bench Press (Dumbbell)",,"meh",1,"normal",40.82,10,,,
"peibitri","19 Sep 2025, 01:41","19 Sep 2025, 02:30","","Cable Fly Crossovers",,"",0,"normal",40.82,10,,,
"peibitri","19 Sep 2025, 01:41","19 Sep 2025, 02:30","","Cable Fly Crossovers",,"",1,"normal",45.36,10,,,
"peibitri","19 Sep 2025, 01:41","19 Sep 2025, 02:30","","Triceps Pushdown",,"both arms + i stink",0,"warmup",24.95,20,,,
"peibitri","19 Sep 2025, 01:41","19 Sep 2025, 02:30","","Triceps Pushdown",,"both arms + i stink",1,"normal",40.82,10,,,
"peibitri","19 Sep 2025, 01:41","19 Sep 2025, 02:30","","Triceps Pushdown",,"both arms + i stink",2,"normal",36.29,10,,,
"peibitri","19 Sep 2025, 01:41","19 Sep 2025, 02:30","","Bicep Curl (Barbell)",,"de pe",0,"normal",18.14,12,,,
"peibitri","19 Sep 2025, 01:41","19 Sep 2025, 02:30","","Bicep Curl (Barbell)",,"de pe",1,"normal",18.14,12,,,
"peibitri","19 Sep 2025, 01:41","19 Sep 2025, 02:30","","Bicep Curl (Dumbbell)",,"alternado",0,"normal",22.68,8,,,
"peibitri","19 Sep 2025, 01:41","19 Sep 2025, 02:30","","Bicep Curl (Dumbbell)",,"alternado",1,"normal",22.68,8,,,
"peibitri","19 Sep 2025, 01:41","19 Sep 2025, 02:30","","Bicep Curl (Dumbbell)",,"alternado",2,"failure",22.68,12,,,
"braço ligero bala","5 Sep 2025, 15:25","5 Sep 2025, 16:04","tava me sentindo frango, tive q ir treinar braço","Preacher Curl (Machine)",,"",0,"warmup",18.14,12,,,
"braço ligero bala","5 Sep 2025, 15:25","5 Sep 2025, 16:04","tava me sentindo frango, tive q ir treinar braço","Preacher Curl (Machine)",,"",1,"normal",36.29,10,,,
"braço ligero bala","5 Sep 2025, 15:25","5 Sep 2025, 16:04","tava me sentindo frango, tive q ir treinar braço","Preacher Curl (Machine)",,"",2,"normal",36.29,10,,,
"braço ligero bala","5 Sep 2025, 15:25","5 Sep 2025, 16:04","tava me sentindo frango, tive q ir treinar braço","Preacher Curl (Machine)",,"",3,"normal",36.29,8,,,
"braço ligero bala","5 Sep 2025, 15:25","5 Sep 2025, 16:04","tava me sentindo frango, tive q ir treinar braço","Triceps Pushdown",,"single arm",0,"normal",13.61,10,,,
"braço ligero bala","5 Sep 2025, 15:25","5 Sep 2025, 16:04","tava me sentindo frango, tive q ir treinar braço","Triceps Pushdown",,"single arm",1,"normal",13.61,10,,,
"braço ligero bala","5 Sep 2025, 15:25","5 Sep 2025, 16:04","tava me sentindo frango, tive q ir treinar braço","Triceps Pushdown",,"single arm",2,"normal",9.07,15,,,
"braço ligero bala","5 Sep 2025, 15:25","5 Sep 2025, 16:04","tava me sentindo frango, tive q ir treinar braço","Seated Palms Up Wrist Curl",,"15 each arm\n\ngostei mais dos sets de 15",0,"normal",13.61,15,,,
"braço ligero bala","5 Sep 2025, 15:25","5 Sep 2025, 16:04","tava me sentindo frango, tive q ir treinar braço","Seated Palms Up Wrist Curl",,"15 each arm\n\ngostei mais dos sets de 15",1,"normal",13.61,15,,,
"braço ligero bala","5 Sep 2025, 15:25","5 Sep 2025, 16:04","tava me sentindo frango, tive q ir treinar braço","Seated Palms Up Wrist Curl",,"15 each arm\n\ngostei mais dos sets de 15",2,"normal",18.14,15,,,
"braço ligero bala","5 Sep 2025, 15:25","5 Sep 2025, 16:04","tava me sentindo frango, tive q ir treinar braço","Bicep Curl (Cable)",,"",0,"normal",22.68,10,,,
"braço ligero bala","5 Sep 2025, 15:25","5 Sep 2025, 16:04","tava me sentindo frango, tive q ir treinar braço","Bicep Curl (Cable)",,"",1,"normal",27.22,10,,,
"braço ligero bala","5 Sep 2025, 15:25","5 Sep 2025, 16:04","tava me sentindo frango, tive q ir treinar braço","Bicep Curl (Cable)",,"",2,"normal",31.75,10,,,
"me and lore","2 Sep 2025, 23:13","3 Sep 2025, 01:03","","Iso-Lateral Row (Machine)",,"one arm only",0,"warmup",24.95,14,,,
"me and lore","2 Sep 2025, 23:13","3 Sep 2025, 01:03","","Iso-Lateral Row (Machine)",,"one arm only",1,"normal",54.43,10,,,
"me and lore","2 Sep 2025, 23:13","3 Sep 2025, 01:03","","Iso-Lateral Row (Machine)",,"one arm only",2,"normal",54.43,10,,,
"me and lore","2 Sep 2025, 23:13","3 Sep 2025, 01:03","","Iso-Lateral Row (Machine)",,"one arm only",3,"normal",54.43,10,,,
"me and lore","2 Sep 2025, 23:13","3 Sep 2025, 01:03","","Lat Pulldown (Cable)",,"",0,"warmup",38.56,12,,,
"me and lore","2 Sep 2025, 23:13","3 Sep 2025, 01:03","","Lat Pulldown (Cable)",,"",1,"normal",45.36,10,,,
"me and lore","2 Sep 2025, 23:13","3 Sep 2025, 01:03","","Lat Pulldown (Cable)",,"",2,"normal",45.36,10,,,
"me and lore","2 Sep 2025, 23:13","3 Sep 2025, 01:03","","Lat Pulldown (Cable)",,"",3,"normal",45.36,10,,,
"me and lore","2 Sep 2025, 23:13","3 Sep 2025, 01:03","","Incline Bench Press (Dumbbell)",,"",0,"normal",31.75,10,,,
"me and lore","2 Sep 2025, 23:13","3 Sep 2025, 01:03","","Incline Bench Press (Dumbbell)",,"",1,"normal",40.82,8,,,
"me and lore","2 Sep 2025, 23:13","3 Sep 2025, 01:03","","Incline Bench Press (Dumbbell)",,"",2,"normal",36.29,8,,,
"me and lore","2 Sep 2025, 23:13","3 Sep 2025, 01:03","","Shoulder Press (Dumbbell)",,"",0,"warmup",13.61,12,,,
"me and lore","2 Sep 2025, 23:13","3 Sep 2025, 01:03","","Shoulder Press (Dumbbell)",,"",1,"normal",18.14,8,,,
"me and lore","2 Sep 2025, 23:13","3 Sep 2025, 01:03","","Shoulder Press (Dumbbell)",,"",2,"normal",15.88,8,,,
"me and lore","2 Sep 2025, 23:13","3 Sep 2025, 01:03","","Shoulder Press (Dumbbell)",,"",3,"normal",15.88,5,,,
"me and lore","2 Sep 2025, 23:13","3 Sep 2025, 01:03","","Bicep Curl (Dumbbell)",,"",0,"normal",27.22,10,,,
"me and lore","2 Sep 2025, 23:13","3 Sep 2025, 01:03","","Bicep Curl (Dumbbell)",,"",1,"normal",22.68,12,,,
"me and lore","2 Sep 2025, 23:13","3 Sep 2025, 01:03","","Bicep Curl (Dumbbell)",,"",2,"failure",22.68,15,,,
"me and lore","2 Sep 2025, 23:13","3 Sep 2025, 01:03","","Triceps Pushdown",,"different cable",0,"normal",13.61,10,,,
"me and lore","2 Sep 2025, 23:13","3 Sep 2025, 01:03","","Triceps Pushdown",,"different cable",1,"normal",13.61,10,,,
"me and lore","2 Sep 2025, 23:13","3 Sep 2025, 01:03","","Triceps Pushdown",,"different cable",2,"failure",11.34,15,,,
"me and lore","2 Sep 2025, 23:13","3 Sep 2025, 01:03","","Treadmill",,"no idea but it was 3MPH",0,"normal",,,,1800,
"pernocas","28 Aug 2025, 01:01","28 Aug 2025, 02:11","going deep on squats","Hip Thrust (Barbell)",,"",0,"normal",40.82,10,,,
"pernocas","28 Aug 2025, 01:01","28 Aug 2025, 02:11","going deep on squats","Hip Thrust (Barbell)",,"",1,"normal",81.65,10,,,
"pernocas","28 Aug 2025, 01:01","28 Aug 2025, 02:11","going deep on squats","Hip Thrust (Barbell)",,"",2,"normal",122.47,8,,,
"pernocas","28 Aug 2025, 01:01","28 Aug 2025, 02:11","going deep on squats","Squat (Barbell)",,"",0,"warmup",20.41,15,,,
"pernocas","28 Aug 2025, 01:01","28 Aug 2025, 02:11","going deep on squats","Squat (Barbell)",,"",1,"normal",43.09,10,,,
"pernocas","28 Aug 2025, 01:01","28 Aug 2025, 02:11","going deep on squats","Squat (Barbell)",,"",2,"normal",61.24,6,,,
"pernocas","28 Aug 2025, 01:01","28 Aug 2025, 02:11","going deep on squats","Squat (Barbell)",,"",3,"failure",43.09,10,,,
"pernocas","28 Aug 2025, 01:01","28 Aug 2025, 02:11","going deep on squats","Leg Press (Machine)",,"",0,"warmup",40.82,15,,,
"pernocas","28 Aug 2025, 01:01","28 Aug 2025, 02:11","going deep on squats","Leg Press (Machine)",,"",1,"normal",81.65,12,,,
"pernocas","28 Aug 2025, 01:01","28 Aug 2025, 02:11","going deep on squats","Leg Press (Machine)",,"",2,"normal",122.47,10,,,
"pernocas","28 Aug 2025, 01:01","28 Aug 2025, 02:11","going deep on squats","Leg Press (Machine)",,"",3,"normal",122.47,8,,,
"2 semanas sem treinar mas to de volta","20 Aug 2025, 02:23","20 Aug 2025, 03:43","i forgor the photo","Cable Fly Crossovers",,"feeling gud",0,"warmup",27.22,15,,,
"2 semanas sem treinar mas to de volta","20 Aug 2025, 02:23","20 Aug 2025, 03:43","i forgor the photo","Cable Fly Crossovers",,"feeling gud",1,"normal",31.75,15,,,
"2 semanas sem treinar mas to de volta","20 Aug 2025, 02:23","20 Aug 2025, 03:43","i forgor the photo","Cable Fly Crossovers",,"feeling gud",2,"normal",36.29,12,,,
"2 semanas sem treinar mas to de volta","20 Aug 2025, 02:23","20 Aug 2025, 03:43","i forgor the photo","Cable Fly Crossovers",,"feeling gud",3,"normal",40.82,10,,,
"2 semanas sem treinar mas to de volta","20 Aug 2025, 02:23","20 Aug 2025, 03:43","i forgor the photo","Seated Shoulder Press (Machine)",,"infelizmente ainda sinto dor nos cotovelos nesse",0,"normal",22.68,15,,,
"2 semanas sem treinar mas to de volta","20 Aug 2025, 02:23","20 Aug 2025, 03:43","i forgor the photo","Seated Shoulder Press (Machine)",,"infelizmente ainda sinto dor nos cotovelos nesse",1,"normal",36.29,12,,,
"2 semanas sem treinar mas to de volta","20 Aug 2025, 02:23","20 Aug 2025, 03:43","i forgor the photo","Seated Shoulder Press (Machine)",,"infelizmente ainda sinto dor nos cotovelos nesse",2,"normal",36.29,8,,,
"2 semanas sem treinar mas to de volta","20 Aug 2025, 02:23","20 Aug 2025, 03:43","i forgor the photo","Lateral Raise (Dumbbell)",,"meti o loko no primeiro kkkk",0,"normal",18.14,8,,,
"2 semanas sem treinar mas to de volta","20 Aug 2025, 02:23","20 Aug 2025, 03:43","i forgor the photo","Lateral Raise (Dumbbell)",,"meti o loko no primeiro kkkk",1,"normal",13.61,12,,,
"2 semanas sem treinar mas to de volta","20 Aug 2025, 02:23","20 Aug 2025, 03:43","i forgor the photo","Lateral Raise (Dumbbell)",,"meti o loko no primeiro kkkk",2,"normal",13.61,12,,,
"2 semanas sem treinar mas to de volta","20 Aug 2025, 02:23","20 Aug 2025, 03:43","i forgor the photo","Triceps Pushdown",,"",0,"warmup",18.14,20,,,
"2 semanas sem treinar mas to de volta","20 Aug 2025, 02:23","20 Aug 2025, 03:43","i forgor the photo","Triceps Pushdown",,"",1,"normal",45.36,15,,,
"2 semanas sem treinar mas to de volta","20 Aug 2025, 02:23","20 Aug 2025, 03:43","i forgor the photo","Triceps Pushdown",,"",2,"normal",45.36,10,,,
"2 semanas sem treinar mas to de volta","20 Aug 2025, 02:23","20 Aug 2025, 03:43","i forgor the photo","Triceps Pushdown",,"",3,"normal",36.29,15,,,
"pernocas 🦵","6 Aug 2025, 00:53","6 Aug 2025, 01:57","","Leg Press (Machine)",,"",0,"warmup",40.82,15,,,
"pernocas 🦵","6 Aug 2025, 00:53","6 Aug 2025, 01:57","","Leg Press (Machine)",,"",1,"normal",81.65,12,,,
"pernocas 🦵","6 Aug 2025, 00:53","6 Aug 2025, 01:57","","Leg Press (Machine)",,"",2,"normal",122.47,10,,,
"pernocas 🦵","6 Aug 2025, 00:53","6 Aug 2025, 01:57","","Leg Press (Machine)",,"",3,"normal",154.22,8,,,
"pernocas 🦵","6 Aug 2025, 00:53","6 Aug 2025, 01:57","","Leg Extension (Machine)",,"tava de boas, mas o ultimo fui ate morrer",0,"normal",54.43,15,,,
"pernocas 🦵","6 Aug 2025, 00:53","6 Aug 2025, 01:57","","Leg Extension (Machine)",,"tava de boas, mas o ultimo fui ate morrer",1,"normal",58.97,12,,,
"pernocas 🦵","6 Aug 2025, 00:53","6 Aug 2025, 01:57","","Leg Extension (Machine)",,"tava de boas, mas o ultimo fui ate morrer",2,"normal",63.5,10,,,
"pernocas 🦵","6 Aug 2025, 00:53","6 Aug 2025, 01:57","","Leg Extension (Machine)",,"tava de boas, mas o ultimo fui ate morrer",3,"failure",72.57,10,,,
"pernocas 🦵","6 Aug 2025, 00:53","6 Aug 2025, 01:57","","Lying Leg Curl (Machine)",,"já morri",0,"normal",36.29,12,,,
"pernocas 🦵","6 Aug 2025, 00:53","6 Aug 2025, 01:57","","Lying Leg Curl (Machine)",,"já morri",1,"normal",36.29,8,,,
"pernocas 🦵","6 Aug 2025, 00:53","6 Aug 2025, 01:57","","Hip Abduction (Machine)",,"",0,"normal",40.82,8,,,
"pernocas 🦵","6 Aug 2025, 00:53","6 Aug 2025, 01:57","","Hip Abduction (Machine)",,"",1,"normal",36.29,8,,,
"pernocas 🦵","6 Aug 2025, 00:53","6 Aug 2025, 01:57","","Hip Abduction (Machine)",,"",2,"normal",36.29,6,,,
"workout with the gym girls","31 Jul 2025, 22:21","31 Jul 2025, 23:53","@lorenamor is missing the picture 😭😭","Iso-Lateral Row (Machine)",,"",0,"normal",45.36,10,,,
"workout with the gym girls","31 Jul 2025, 22:21","31 Jul 2025, 23:53","@lorenamor is missing the picture 😭😭","Iso-Lateral Row (Machine)",,"",1,"normal",45.36,10,,,
"workout with the gym girls","31 Jul 2025, 22:21","31 Jul 2025, 23:53","@lorenamor is missing the picture 😭😭","Iso-Lateral Row (Machine)",,"",2,"normal",45.36,10,,,
"workout with the gym girls","31 Jul 2025, 22:21","31 Jul 2025, 23:53","@lorenamor is missing the picture 😭😭","Iso-Lateral Row (Machine)",,"",3,"normal",45.36,10,,,
"workout with the gym girls","31 Jul 2025, 22:21","31 Jul 2025, 23:53","@lorenamor is missing the picture 😭😭","Lat Pulldown - Close Grip (Cable)",,"",0,"normal",40.82,12,,,
"workout with the gym girls","31 Jul 2025, 22:21","31 Jul 2025, 23:53","@lorenamor is missing the picture 😭😭","Lat Pulldown - Close Grip (Cable)",,"",1,"normal",45.36,10,,,
"workout with the gym girls","31 Jul 2025, 22:21","31 Jul 2025, 23:53","@lorenamor is missing the picture 😭😭","Lat Pulldown - Close Grip (Cable)",,"",2,"normal",40.82,10,,,
"workout with the gym girls","31 Jul 2025, 22:21","31 Jul 2025, 23:53","@lorenamor is missing the picture 😭😭","Lat Pulldown - Close Grip (Cable)",,"",3,"normal",38.56,12,,,
"workout with the gym girls","31 Jul 2025, 22:21","31 Jul 2025, 23:53","@lorenamor is missing the picture 😭😭","Bent Over Row (Barbell)",,"",0,"normal",43.09,8,,,
"workout with the gym girls","31 Jul 2025, 22:21","31 Jul 2025, 23:53","@lorenamor is missing the picture 😭😭","Bent Over Row (Barbell)",,"",1,"normal",43.09,10,,,
"workout with the gym girls","31 Jul 2025, 22:21","31 Jul 2025, 23:53","@lorenamor is missing the picture 😭😭","Bent Over Row (Barbell)",,"",2,"normal",43.09,10,,,
"workout with the gym girls","31 Jul 2025, 22:21","31 Jul 2025, 23:53","@lorenamor is missing the picture 😭😭","Incline Bench Press (Smith Machine)",,"",0,"normal",52.16,12,,,
"workout with the gym girls","31 Jul 2025, 22:21","31 Jul 2025, 23:53","@lorenamor is missing the picture 😭😭","Incline Bench Press (Smith Machine)",,"",1,"normal",52.16,6,,,
"workout with the gym girls","31 Jul 2025, 22:21","31 Jul 2025, 23:53","@lorenamor is missing the picture 😭😭","Incline Bench Press (Smith Machine)",,"",2,"normal",47.63,10,,,
"workout with the gym girls","31 Jul 2025, 22:21","31 Jul 2025, 23:53","@lorenamor is missing the picture 😭😭","Overhead Press (Smith Machine)",,"",0,"normal",20.41,12,,,
"workout with the gym girls","31 Jul 2025, 22:21","31 Jul 2025, 23:53","@lorenamor is missing the picture 😭😭","Overhead Press (Smith Machine)",,"",1,"normal",29.48,12,,,
"workout with the gym girls","31 Jul 2025, 22:21","31 Jul 2025, 23:53","@lorenamor is missing the picture 😭😭","Overhead Press (Smith Machine)",,"",2,"normal",43.09,10,,,
"workout with the gym girls","31 Jul 2025, 22:21","31 Jul 2025, 23:53","@lorenamor is missing the picture 😭😭","Seated Dip Machine",,"",0,"normal",52.16,12,,,
"workout with the gym girls","31 Jul 2025, 22:21","31 Jul 2025, 23:53","@lorenamor is missing the picture 😭😭","Seated Dip Machine",,"",1,"normal",52.16,15,,,
"workout with the gym girls","31 Jul 2025, 22:21","31 Jul 2025, 23:53","@lorenamor is missing the picture 😭😭","Seated Dip Machine",,"",2,"normal",58.97,12,,,
"meus tricepi doi","24 Jul 2025, 02:34","24 Jul 2025, 03:23","","Incline Bench Press (Smith Machine)",,"started to feel my elbows on set 2",0,"warmup",20.41,20,,,
"meus tricepi doi","24 Jul 2025, 02:34","24 Jul 2025, 03:23","","Incline Bench Press (Smith Machine)",,"started to feel my elbows on set 2",1,"normal",43.09,10,,,
"meus tricepi doi","24 Jul 2025, 02:34","24 Jul 2025, 03:23","","Incline Bench Press (Smith Machine)",,"started to feel my elbows on set 2",2,"normal",52.16,10,,,
"meus tricepi doi","24 Jul 2025, 02:34","24 Jul 2025, 03:23","","Incline Bench Press (Smith Machine)",,"started to feel my elbows on set 2",3,"normal",56.7,8,,,
"meus tricepi doi","24 Jul 2025, 02:34","24 Jul 2025, 03:23","","Butterfly (Pec Deck)",,"equipment’s SO bad i had to change to pulleys",0,"normal",40.82,8,,,
"meus tricepi doi","24 Jul 2025, 02:34","24 Jul 2025, 03:23","","Cable Fly Crossovers",,"wayyy better",0,"normal",27.22,8,,,
"meus tricepi doi","24 Jul 2025, 02:34","24 Jul 2025, 03:23","","Cable Fly Crossovers",,"wayyy better",1,"normal",27.22,10,,,
"meus tricepi doi","24 Jul 2025, 02:34","24 Jul 2025, 03:23","","Cable Fly Crossovers",,"wayyy better",2,"normal",27.22,8,,,
"meus tricepi doi","24 Jul 2025, 02:34","24 Jul 2025, 03:23","","Triceps Kickback (Dumbbell)",,"interesting, but idk",0,"normal",6.8,15,,,
"meus tricepi doi","24 Jul 2025, 02:34","24 Jul 2025, 03:23","","Triceps Kickback (Dumbbell)",,"interesting, but idk",1,"normal",6.8,15,,,
"meus tricepi doi","24 Jul 2025, 02:34","24 Jul 2025, 03:23","","Triceps Kickback (Dumbbell)",,"interesting, but idk",2,"normal",9.07,10,,,
"meus tricepi doi","24 Jul 2025, 02:34","24 Jul 2025, 03:23","","Triceps Kickback (Dumbbell)",,"interesting, but idk",3,"normal",9.07,10,,,
"meus tricepi doi","24 Jul 2025, 02:34","24 Jul 2025, 03:23","","Triceps Pushdown",,"",0,"normal",36.29,15,,,
"meus tricepi doi","24 Jul 2025, 02:34","24 Jul 2025, 03:23","","Triceps Pushdown",,"",1,"normal",45.36,15,,,
"meus tricepi doi","24 Jul 2025, 02:34","24 Jul 2025, 03:23","","Triceps Pushdown",,"",2,"dropset",45.36,5,,,
"meus tricepi doi","24 Jul 2025, 02:34","24 Jul 2025, 03:23","","Triceps Pushdown",,"",3,"dropset",36.29,5,,,
"meus tricepi doi","24 Jul 2025, 02:34","24 Jul 2025, 03:23","","Triceps Pushdown",,"",4,"dropset",27.22,5,,,
"voltando pra casa nu","14 Jul 2025, 03:29","14 Jul 2025, 04:09","","Lat Pulldown (Cable)",,"",0,"warmup",22.68,25,,,
"voltando pra casa nu","14 Jul 2025, 03:29","14 Jul 2025, 04:09","","Lat Pulldown (Cable)",,"",1,"normal",49.9,10,,,
"voltando pra casa nu","14 Jul 2025, 03:29","14 Jul 2025, 04:09","","Lat Pulldown (Cable)",,"",2,"normal",54.43,8,,,
"voltando pra casa nu","14 Jul 2025, 03:29","14 Jul 2025, 04:09","","Lat Pulldown (Cable)",,"",3,"normal",49.9,7,,,
"voltando pra casa nu","14 Jul 2025, 03:29","14 Jul 2025, 04:09","","Dumbbell Row",,"",0,"normal",24.95,8,,,
"voltando pra casa nu","14 Jul 2025, 03:29","14 Jul 2025, 04:09","","Dumbbell Row",,"",1,"normal",24.95,8,,,
"voltando pra casa nu","14 Jul 2025, 03:29","14 Jul 2025, 04:09","","Bent Over Row (Barbell)",,"",0,"normal",43.09,8,,,
"voltando pra casa nu","14 Jul 2025, 03:29","14 Jul 2025, 04:09","","Bent Over Row (Barbell)",,"",1,"normal",,9,,,
"Late night workout 🌙","8 Jul 2025, 03:50","8 Jul 2025, 04:37","","Squat (Barbell)",,"minhas perna tao doendo",0,"warmup",20.41,15,,,
"Late night workout 🌙","8 Jul 2025, 03:50","8 Jul 2025, 04:37","","Squat (Barbell)",,"minhas perna tao doendo",1,"normal",29.48,15,,,
"Late night workout 🌙","8 Jul 2025, 03:50","8 Jul 2025, 04:37","","Squat (Barbell)",,"minhas perna tao doendo",2,"normal",43.09,10,,,
"Late night workout 🌙","8 Jul 2025, 03:50","8 Jul 2025, 04:37","","Squat (Barbell)",,"minhas perna tao doendo",3,"failure",52.16,10,,,
"Late night workout 🌙","8 Jul 2025, 03:50","8 Jul 2025, 04:37","","Hack Squat (Machine)",,"consigo nem andar direito",0,"normal",40.82,12,,,
"Late night workout 🌙","8 Jul 2025, 03:50","8 Jul 2025, 04:37","","Hack Squat (Machine)",,"consigo nem andar direito",1,"normal",40.82,10,,,
"Late night workout 🌙","8 Jul 2025, 03:50","8 Jul 2025, 04:37","","Hack Squat (Machine)",,"consigo nem andar direito",2,"failure",40.82,15,,,
"Late night workout 🌙","8 Jul 2025, 03:50","8 Jul 2025, 04:37","","Lying Leg Curl (Machine)",,"como q eu vou voltar pra casa meu deus",0,"normal",36.29,5,,,
"Late night workout 🌙","8 Jul 2025, 03:50","8 Jul 2025, 04:37","","Lying Leg Curl (Machine)",,"como q eu vou voltar pra casa meu deus",1,"normal",31.75,8,,,
"Late night workout 🌙","8 Jul 2025, 03:50","8 Jul 2025, 04:37","","Lying Leg Curl (Machine)",,"como q eu vou voltar pra casa meu deus",2,"failure",31.75,10,,,